Mini Fabrica;Codigo Item;Descricao Item;Tipo Unidade;Codigo Cor;Descricao Cor;Tam;Deve (Abast);Necessidade (Min 1m);Saldo em Casa;Coberto Estimado;Falta Estimada;Cobertura (%);Origem do Saldo
Mini Fabrica - 6;25567;AVESSO VELUR;;3;PRETO;;-24,888;24,888;0,0;0,0;24,888;0,0;nacional
Mini Fabrica - 6;25567;AVESSO VELUR;;35313;CREME 516;;-17,864;17,864;0,0;0,0;17,864;0,0;nacional
Mini Fabrica - 6;56577;FORRO MILANO PU 0.7(B O/I 2014);;72374;CAFE 856;;-10,0;10,0;134,0;10,0;0,0;100,0;nacional
Mini Fabrica - 6;56577;FORRO MILANO PU 0.7(B O/I 2014);;100196;AVELA 1248;;-10,784;10,784;32,0;10,784;0,0;100,0;nacional
Mini Fabrica - 6;58623;FORRO MILANO PU 0.7(B O/I 2014)+FILME TPU SC 50;;29452;BEGE 435;;-14,284;14,284;25,0;14,284;0,0;100,0;nacional
Mini Fabrica - 6;67244;NAPA TURIM PU 1.0 (B P/V 15/16);;29452;BEGE 435;;-19,95;19,95;25,0;19,95;0,0;100,0;nacional
Mini Fabrica - 6;67244;NAPA TURIM PU 1.0 (B P/V 15/16);;52531;NUDE 658;;-7,887;7,887;0,0;0,0;7,887;0,0;nacional
Mini Fabrica - 6;67244;NAPA TURIM PU 1.0 (B P/V 15/16);;103102;CHERRY 1335;;-1,076;1,076;32,0;1,076;0,0;100,0;nacional
Mini Fabrica - 6;67345;NAPA TURIM PU 1.0 + SARJA 7030/40 0.40;;52568;NUDE 658/CRU 20;;-14,743;14,743;20,0;14,743;0,0;100,0;nacional
Mini Fabrica - 6;67345;NAPA TURIM PU 1.0 + SARJA 7030/40 0.40;;103963;CONHAQUE 1273/PRETO 01;;-2,342;2,342;43,4;2,342;0,0;100,0;nacional
Mini Fabrica - 6;73824;SARJA 220 GR 100% ALGODAO+ FILME 50 MICRAS;;15745;PRETO 01;;-0,085;1,0;0,0;0,0;1,0;0,0;nacional
Mini Fabrica - 6;73824;SARJA 220 GR 100% ALGODAO+ FILME 50 MICRAS;;17228;CRU 20;;-0,028;1,0;0,0;0,0;1,0;0,0;nacional
Mini Fabrica - 6;84629;VERNIZ PREMIUM PU 1.0 (M/MD O/I 2017)+ SARJA 7030/40 0.40;;29498;BEGE 435/CRU 20;;-0,038;1,0;13,4;1,0;0,0;100,0;nacional
Mini Fabrica - 6;94157;NAPA TURIM PU 1.0+VELVET;;53180;NUDE 658/CREME 516;;-7,835;7,835;46,5;7,835;0,0;100,0;nacional
Mini Fabrica - 6;108850;NAPA PELE STRECH PU 1.0 (MD O/I 2019);;15745;PRETO 01;;-11,05;11,05;0,0;0,0;11,05;0,0;nacional
Mini Fabrica - 6;128938;NAPA FLOATHER NATURE PU 1.0 (MD P/V 20/21);;101540;OLIVA 1281;;-4,0;4,0;42,0;4,0;0,0;100,0;nacional
Mini Fabrica - 6;128939;NAPA FLOATHER NATURE PU 1.0 (MD P/V 20/21) + SARJA 7030/40;;104066;AZUL SKY 1395/CRU 20;;-0,415;1,0;0,0;0,0;1,0;0,0;nacional
Mini Fabrica - 6;145635;NAPA FLOATHER NATURE PU 1.0+VELVET+FORRO SOFT CONFORTO PU 0.7;;101182;VERDE 1270/CREME 516/BEGE 435;;-0,07;1,0;0,0;0,0;1,0;0,0;nacional
Mini Fabrica - 6;149602;CAMURCA STRECH DUO + VELVET (MD O/I /23);;15787;PRETO 01/PRETO;;-9,394;9,394;42,7;9,394;0,0;100,0;nacional
Mini Fabrica - 6;149602;CAMURCA STRECH DUO + VELVET (MD O/I /23);;108394;CAMEL 1470/CASTANHO;;-1,169;1,169;0,0;0,0;1,169;0,0;nacional
Mini Fabrica - 6;157666;TECIDO ADTERM CH 180 C CONFORFLEX T7 EXT 400 C;;15745;PRETO 01;;-41,878;41,878;60,0;41,878;0,0;100,0;nacional
Mini Fabrica - 6;163149;NAPA SOFT MADRI PU 1.0 (V O/I 23/24);;15745;PRETO 01;;-4,0;4,0;14,9;4,0;0,0;100,0;nacional
Mini Fabrica - 6;163149;NAPA SOFT MADRI PU 1.0 (V O/I 23/24);;35312;BRANCO OFF 526;;-4,0;4,0;0,0;0,0;4,0;0,0;nacional
Mini Fabrica - 6;163149;NAPA SOFT MADRI PU 1.0 (V O/I 23/24);;101321;CHOCOLATE 1271;;-4,0;4,0;26,0;4,0;0,0;100,0;nacional
Mini Fabrica - 6;169777;TECIDO TELA LENA (MD P/V 23/24)+ESPUMA D501 3MM+CACHAREL 120GR;;16143;PRETO 01/PRETO 01/PRETO 01;;-537,536;537,536;0,0;0,0;537,536;0,0;nacional
Mini Fabrica - 6;174565;NAPA SUPREMA PU 0.9 (MD O/I 25)+VELVET;;15758;PRETO 01/PRETO 01;;-0,568;1,0;13,0;1,0;0,0;100,0;nacional
Mini Fabrica - 6;183344;NAPA GARDA PU 1.0 (V P/V 24/25);;35312;BRANCO OFF 526;;-0,366;1,0;0,0;0,0;1,0;0,0;nacional
Mini Fabrica - 6;187451;NYLON KANSAS(ACT O/I22)+ESPUMA D501 3MM+CACHAREL 120GR;;106860;AVELA 1248/BRANCO 15/CREME 516;;-9,368;9,368;0,0;0,0;9,368;0,0;nacional
Mini Fabrica - 6;192842;BRILHO ITALIA PU 0.9 (P/V 25/26)+BASE FLEX;;34788;DOURADO/BISCOITO;;-11,822;11,822;20,0;11,822;0,0;100,0;nacional
Mini Fabrica - 6;195876;NAPA TRESSE BERLIM PU 1.2 (MD O/I 26);;15745;PRETO 01;;-5,0;5,0;7,5;5,0;0,0;100,0;nacional
Mini Fabrica - 6;195876;NAPA TRESSE BERLIM PU 1.2 (MD O/I 26);;35312;BRANCO OFF 526;;-7,0;7,0;0,0;0,0;7,0;0,0;nacional
Mini Fabrica - 6;195876;NAPA TRESSE BERLIM PU 1.2 (MD O/I 26);;100196;AVELA 1248;;-4,0;4,0;0,0;0,0;4,0;0,0;nacional
Mini Fabrica - 6;197082;NAPA LEZARD EVORA PU 1.0 (MD O/I 26);;15745;PRETO 01;;-4,0;4,0;0,0;0,0;4,0;0,0;nacional
Mini Fabrica - 6;197082;NAPA LEZARD EVORA PU 1.0 (MD O/I 26);;52531;NUDE 658;;-4,0;4,0;22,0;4,0;0,0;100,0;nacional
Mini Fabrica - 6;197082;NAPA LEZARD EVORA PU 1.0 (MD O/I 26);;100196;AVELA 1248;;-4,0;4,0;12,5;4,0;0,0;100,0;nacional
Mini Fabrica - 6;202343;NAPA TRESSE BERLIM PU 1.2 (MD O/I 26)+VELVET+FORRO SOFT CONFORTO PU 0.7;;101978;AVELA 1248/CREME 516/BEGE 435;;-1,371;1,371;20,5;1,371;0,0;100,0;nacional
Mini Fabrica - 6;202378;NAPA ESSELENCE PU 0.9+SARJA 7030+SPO40G+ESP.PU2,5 D30+CACHAREL CONFORT;;16143;PRETO 01/PRETO 01/PRETO 01;;-21,812;21,812;0,0;0,0;21,812;0,0;nacional
Mini Fabrica - 6;202378;NAPA ESSELENCE PU 0.9+SARJA 7030+SPO40G+ESP.PU2,5 D30+CACHAREL CONFORT;;35738;BRANCO OFF 526/CRU 20/BEGE 435;;-10,392;10,392;0,0;0,0;10,392;0,0;nacional
Mini Fabrica - 6;202378;NAPA ESSELENCE PU 0.9+SARJA 7030+SPO40G+ESP.PU2,5 D30+CACHAREL CONFORT;;53629;NUDE 658/CRU 20/BEGE 435;;-9,832;9,832;0,0;0,0;9,832;0,0;nacional
Mini Fabrica - 6;202378;NAPA ESSELENCE PU 0.9+SARJA 7030+SPO40G+ESP.PU2,5 D30+CACHAREL CONFORT;;109577;AVELA 1248/CRU 20/BEGE 435;;-6,82;6,82;0,0;0,0;6,82;0,0;nacional
Mini Fabrica - 6;202643;NAPA SOFT MADRI PU 1.0 (V O/I 23/24)+BASE FLEX;;37331;BRANCO OFF 526/BISCOITO;;-10,245;10,245;19,0;10,245;0,0;100,0;nacional
Mini Fabrica - 6;202643;NAPA SOFT MADRI PU 1.0 (V O/I 23/24)+BASE FLEX;;107628;OLIVE 1469/BISCOITO;;-0,426;1,0;0,0;0,0;1,0;0,0;nacional
Mini Fabrica - 9;25567;AVESSO VELUR;;3;PRETO;;-58,182;58,182;0,0;0,0;58,182;0,0;nacional
Mini Fabrica - 9;25567;AVESSO VELUR;;23041;CARAMELO 310;;-0,756;1,0;0,0;0,0;1,0;0,0;nacional
Mini Fabrica - 9;25567;AVESSO VELUR;;35313;CREME 516;;-12,112;12,112;0,0;0,0;12,112;0,0;nacional
Mini Fabrica - 9;32468;NOBUCK NEW PU 0.8 NOSSA BASE(P/V 09/10);;15745;PRETO 01;;-2,102;2,102;0,0;0,0;2,102;0,0;nacional
Mini Fabrica - 9;44187;CACHAREL SOFT(B P/V 11/12)+ESP PU 1,5 D30+SPONL 40GR ANTI-MICROBIANO;;15745;PRETO 01;;-5,871;5,871;714,4;5,871;0,0;100,0;nacional
Mini Fabrica - 9;44187;CACHAREL SOFT(B P/V 11/12)+ESP PU 1,5 D30+SPONL 40GR ANTI-MICROBIANO;;35313;CREME 516;;-32,426;32,426;294,0;32,426;0,0;100,0;nacional
Mini Fabrica - 9;47527;FORRO FIORI (V P/V 12/13);;26926;CAMEL 408;;-9,083;9,083;0,0;0,0;9,083;0,0;nacional
Mini Fabrica - 9;56427;PELICA PU 1.0 (V O/I 2014);;15745;PRETO 01;;-6,277;6,277;0,0;0,0;6,277;0,0;nacional
Mini Fabrica - 9;56427;PELICA PU 1.0 (V O/I 2014);;16072;BRANCO 99;;-4,38;4,38;0,0;0,0;4,38;0,0;nacional
Mini Fabrica - 9;56427;PELICA PU 1.0 (V O/I 2014);;29452;BEGE 435;;-2,126;2,126;0,0;0,0;2,126;0,0;nacional
Mini Fabrica - 9;56427;PELICA PU 1.0 (V O/I 2014);;35312;BRANCO OFF 526;;-51,467;51,467;0,0;0,0;51,467;0,0;nacional
Mini Fabrica - 9;56427;PELICA PU 1.0 (V O/I 2014);;52531;NUDE 658;;-3,413;3,413;0,0;0,0;3,413;0,0;nacional
Mini Fabrica - 9;56427;PELICA PU 1.0 (V O/I 2014);;95373;CAMEL 1165;;-0,178;1,0;0,0;0,0;1,0;0,0;nacional
Mini Fabrica - 9;56427;PELICA PU 1.0 (V O/I 2014);;104068;MOCCA 1398;;-6,9;6,9;0,0;0,0;6,9;0,0;nacional
Mini Fabrica - 9;56577;FORRO MILANO PU 0.7(B O/I 2014);;16072;BRANCO 99;;-4,748;4,748;0,0;0,0;4,748;0,0;nacional
Mini Fabrica - 9;56577;FORRO MILANO PU 0.7(B O/I 2014);;29452;BEGE 435;;-25,713;25,713;0,0;0,0;25,713;0,0;nacional
Mini Fabrica - 9;56577;FORRO MILANO PU 0.7(B O/I 2014);;35312;BRANCO OFF 526;;-14,337;14,337;26,0;14,337;0,0;100,0;nacional
Mini Fabrica - 9;56577;FORRO MILANO PU 0.7(B O/I 2014);;95373;CAMEL 1165;;-9,476;9,476;93,0;9,476;0,0;100,0;nacional
Mini Fabrica - 9;56577;FORRO MILANO PU 0.7(B O/I 2014);;104068;MOCCA 1398;;-2,535;2,535;38,0;2,535;0,0;100,0;nacional
Mini Fabrica - 9;56577;FORRO MILANO PU 0.7(B O/I 2014);;107610;OLIVE 1469;;-3,32;3,32;46,0;3,32;0,0;100,0;nacional
Mini Fabrica - 9;63609;FORRO MILANO PU 0.7+PX25+FILME PU 400;;50;NATURAL;;-79,006;79,006;229,4;79,006;0,0;100,0;nacional
Mini Fabrica - 9;67244;NAPA TURIM PU 1.0 (B P/V 15/16);;15745;PRETO 01;;-15,265;15,265;0,0;0,0;15,265;0,0;nacional
Mini Fabrica - 9;67244;NAPA TURIM PU 1.0 (B P/V 15/16);;52531;NUDE 658;;-19,197;19,197;0,0;0,0;19,197;0,0;nacional
Mini Fabrica - 9;67244;NAPA TURIM PU 1.0 (B P/V 15/16);;107613;TERRACOTA 1477;;-0,651;1,0;26,0;1,0;0,0;100,0;nacional
Mini Fabrica - 9;67345;NAPA TURIM PU 1.0 + SARJA 7030/40 0.40;;18215;BRANCO 99/CRU 20;;-17,936;17,936;54,3;17,936;0,0;100,0;nacional
Mini Fabrica - 9;67345;NAPA TURIM PU 1.0 + SARJA 7030/40 0.40;;35324;BRANCO OFF 526/CRU 20;;-12,138;12,138;94,3;12,138;0,0;100,0;nacional
Mini Fabrica - 9;67345;NAPA TURIM PU 1.0 + SARJA 7030/40 0.40;;101992;VERDE LUNA 1256/CRU 20;;-8,573;8,573;0,0;0,0;8,573;0,0;nacional
Mini Fabrica - 9;67345;NAPA TURIM PU 1.0 + SARJA 7030/40 0.40;;105897;OSTRA 1431/CRU 20;;-6,281;6,281;47,8;6,281;0,0;100,0;nacional
Mini Fabrica - 9;73034;NAPA TURIM PU 1.0 (B P/V 15/16)+BASE FLEX 1.0;;96142;CAMEL 1165/BISCOITO;;-26,133;26,133;1,5;1,5;24,633;5,739869130983814;nacional
Mini Fabrica - 9;73034;NAPA TURIM PU 1.0 (B P/V 15/16)+BASE FLEX 1.0;;107768;TERRACOTA 1477/BISCOITO;;-0,706;1,0;20,0;1,0;0,0;100,0;nacional
Mini Fabrica - 9;76853;METAL GLAMOUR PU 0.9 (V P/V 16/17);;41;PRATA;;-1,374;1,374;0,0;0,0;1,374;0,0;nacional
Mini Fabrica - 9;84549;VERNIZ PREMIUM PU 1.0 (M/MD O/I 2017);;95373;CAMEL 1165;;-2,664;2,664;14,5;2,664;0,0;100,0;nacional
Mini Fabrica - 9;84629;VERNIZ PREMIUM PU 1.0 (M/MD O/I 2017)+ SARJA 7030/40 0.40;;29498;BEGE 435/CRU 20;;-0,711;1,0;13,4;1,0;0,0;100,0;nacional
Mini Fabrica - 9;94157;NAPA TURIM PU 1.0+VELVET;;15787;PRETO 01/PRETO;;-12,927;12,927;84,0;12,927;0,0;100,0;nacional
Mini Fabrica - 9;94157;NAPA TURIM PU 1.0+VELVET;;95701;CAMEL 1165/CREME 516;;-20,404;20,404;16,7;16,7;3,7040000000000006;81,84669672613212;nacional
Mini Fabrica - 9;94157;NAPA TURIM PU 1.0+VELVET;;101646;CHOCOLATE 1271/PRETO;;-11,552;11,552;114,6;11,552;0,0;100,0;nacional
Mini Fabrica - 9;100051;PELICA PU 0.9+POLLINYLON/11HM2L+MILANO;;30894;BRANCO 99/BRANCO 15/CAMEL 408;;-17,662;17,662;39,1;17,662;0,0;100,0;nacional
Mini Fabrica - 9;100051;PELICA PU 0.9+POLLINYLON/11HM2L+MILANO;;55095;NUDE 658/BRANCO 15/CAMEL 408;;-32,178;32,178;18,7;18,7;13,477999999999998;58,114239542544595;nacional
Mini Fabrica - 9;100051;PELICA PU 0.9+POLLINYLON/11HM2L+MILANO;;95864;CAMEL 1165/BRANCO 15/CAMEL 408;;-27,97;27,97;0,0;0,0;27,97;0,0;nacional
Mini Fabrica - 9;111581;FORRO PELE STRECH P.U 0.7+ESPUMA 2MM D26+CACHARREL SOFT ANTI-MICROBIANO;;16143;PRETO 01/PRETO 01/PRETO 01;;-6,653;6,653;0,0;0,0;6,653;0,0;nacional
Mini Fabrica - 9;112008;NAPA PELE STRECH PU 1.0 (MD O/I 2019)+SARJA 7030/40;;29498;BEGE 435/CRU 20;;-1,356;1,356;30,0;1,356;0,0;100,0;nacional
Mini Fabrica - 9;112853;FORRO SOFT CONFORTO PU 0.7(MD P/V 18/19)+ESPUMA PU 6,5MM D.60+SPONLACE 30GR;;29497;BEGE 435/BRANCO 15;;-34,96;34,96;0,0;0,0;34,96;0,0;nacional
Mini Fabrica - 9;128939;NAPA FLOATHER NATURE PU 1.0 (MD P/V 20/21) + SARJA 7030/40;;18215;BRANCO 99/CRU 20;;-0,763;1,0;25,0;1,0;0,0;100,0;nacional
Mini Fabrica - 9;128939;NAPA FLOATHER NATURE PU 1.0 (MD P/V 20/21) + SARJA 7030/40;;35324;BRANCO OFF 526/CRU 20;;-96,234;96,234;71,8;71,8;24,433999999999997;74,60980526632999;nacional
Mini Fabrica - 9;128939;NAPA FLOATHER NATURE PU 1.0 (MD P/V 20/21) + SARJA 7030/40;;73437;CAFE 856/PRETO 01;;-0,862;1,0;0,0;0,0;1,0;0,0;nacional
Mini Fabrica - 9;128939;NAPA FLOATHER NATURE PU 1.0 (MD P/V 20/21) + SARJA 7030/40;;84042;CREME 985/CRU 20;;-21,72;21,72;49,0;21,72;0,0;100,0;nacional
Mini Fabrica - 9;138672;NAPA FLOATHER NATURE PU 1.0 (MD P/V 20/21)+VELVET;;36126;BRANCO OFF 526/CREME 516;;-19,003;19,003;0,0;0,0;19,003;0,0;nacional
Mini Fabrica - 9;138672;NAPA FLOATHER NATURE PU 1.0 (MD P/V 20/21)+VELVET;;100604;AVELA 1248/CREME 516;;-80,462;80,462;256,0;80,462;0,0;100,0;nacional
Mini Fabrica - 9;138672;NAPA FLOATHER NATURE PU 1.0 (MD P/V 20/21)+VELVET;;104327;VERDE SALVIA 1401/CREME 516;;-6,344;6,344;29,0;6,344;0,0;100,0;nacional
Mini Fabrica - 9;138672;NAPA FLOATHER NATURE PU 1.0 (MD P/V 20/21)+VELVET;;108448;ALECRIM 1491/CREME 516;;-0,049;1,0;0,0;0,0;1,0;0,0;nacional
Mini Fabrica - 9;143760;METALIZADO LONDON PU 0.9+BASE FLEX;;15787;PRETO 01/PRETO;;-0,086;1,0;12,3;1,0;0,0;100,0;nacional
Mini Fabrica - 9;155239;NOBUCK NEW PU 0.8 NOSSA BASE(P/V 09/10)+SARJA 7030;;15758;PRETO 01/PRETO 01;;-13,464;13,464;0,0;0,0;13,464;0,0;nacional
Mini Fabrica - 9;168873;NAPA CALF PU 0.9 ( P/V 24/25);;15745;PRETO 01;;-110,314;110,314;0,0;0,0;110,314;0,0;nacional
Mini Fabrica - 9;168873;NAPA CALF PU 0.9 ( P/V 24/25);;100983;VERDE LUNA 1256;;-46,882;46,882;26,5;26,5;20,381999999999998;56,52489228275245;nacional
Mini Fabrica - 9;168873;NAPA CALF PU 0.9 ( P/V 24/25);;102051;AREIA 1286;;-100,434;100,434;0,0;0,0;100,434;0,0;nacional
Mini Fabrica - 9;168873;NAPA CALF PU 0.9 ( P/V 24/25);;104068;MOCCA 1398;;-14,506;14,506;0,0;0,0;14,506;0,0;nacional
Mini Fabrica - 9;169103;NAPA CALF PU 0.9 (V P/V 24/25)+POLINYLON 11HML 2L+FORRO;;102219;AREIA 1286/BRANCO;;-3,942;3,942;21,8;3,942;0,0;100,0;nacional
Mini Fabrica - 9;192622;METALIZADO MILANO PU 0.9 (V O/I 25/26);;41;PRATA;;-4,183;4,183;16,0;4,183;0,0;100,0;nacional
Mini Fabrica - 9;192622;METALIZADO MILANO PU 0.9 (V O/I 25/26);;66;DOURADO;;-20,471;20,471;0,0;0,0;20,471;0,0;nacional
Mini Fabrica - 9;192801;BRILHO ITALIA PU 0.9 (P/V 25/26);;23146;OURO ROSADO;;-43,404;43,404;0,0;0,0;43,404;0,0;nacional
Mini Fabrica - 9;196639;NAPA VELUNA 0.9 (MD O/I 26) - IMPORTADO+ SARJA 7030/40;;15758;PRETO 01/PRETO 01;;-3,534;3,534;0,0;0,0;3,534;0,0;nacional
Mini Fabrica - 9;196639;NAPA VELUNA 0.9 (MD O/I 26) - IMPORTADO+ SARJA 7030/40;;106878;CHOCOLATE 1456/PRETO 01;;-94,674;94,674;128,0;94,674;0,0;100,0;nacional
Mini Fabrica - 9;196770;NAPA ONCA GRECIA PU 0.9 (B P/V 24/25);;96942;MULTI CAMEL 1165;;-7,386;7,386;42,0;7,386;0,0;100,0;nacional
Mini Fabrica - 9;197280;CAMURCAO LONDON PU 1.2 (V O/I 25) -IMPORTADO.;;101439;CACAU 1277;;-9,387;9,387;0,0;0,0;9,387;0,0;nacional
Mini Fabrica - 9;197280;CAMURCAO LONDON PU 1.2 (V O/I 25) -IMPORTADO.;;106596;CARAMELO 1450;;-14,856;14,856;0,0;0,0;14,856;0,0;nacional
Mini Fabrica - 10;25567;AVESSO VELUR;;3;PRETO;;-22,892;22,892;0,0;0,0;22,892;0,0;nacional
Mini Fabrica - 10;25567;AVESSO VELUR;;35313;CREME 516;;-0,229;1,0;0,0;0,0;1,0;0,0;nacional
Mini Fabrica - 10;56427;PELICA PU 1.0 (V O/I 2014);;15745;PRETO 01;;-50,19;50,19;0,0;0,0;50,19;0,0;nacional
Mini Fabrica - 10;56427;PELICA PU 1.0 (V O/I 2014);;83508;CAFE 987;;-8,25;8,25;40,0;8,25;0,0;100,0;nacional
Mini Fabrica - 10;58623;FORRO MILANO PU 0.7(B O/I 2014)+FILME TPU SC 50;;15745;PRETO 01;;-8,905;8,905;44,0;8,905;0,0;100,0;nacional
Mini Fabrica - 10;58702;FORRO CACHAREL CONFORT(MD O/I 2014)+ESP.PU2,5 D30+SPO40GR ANTI- MICROBI;;29452;BEGE 435;;-24,672;24,672;288,8;24,672;0,0;100,0;nacional
Mini Fabrica - 10;59009;NAPA SENSE FLEX PU 0.9 (I/2012)+SARJA 7030 0.40;;15758;PRETO 01/PRETO 01;;-98,951;98,951;0,0;0,0;98,951;0,0;nacional
Mini Fabrica - 10;70727;CAMURCAO PU 1.2 (M O/I 2016);;15745;PRETO 01;;-14,514;14,514;0,0;0,0;14,514;0,0;nacional
Mini Fabrica - 10;70727;CAMURCAO PU 1.2 (M O/I 2016);;35312;BRANCO OFF 526;;-3,002;3,002;25,0;3,002;0,0;100,0;nacional
Mini Fabrica - 10;70727;CAMURCAO PU 1.2 (M O/I 2016);;93249;AREIA 1137;;-0,387;1,0;0,0;0,0;1,0;0,0;nacional
Mini Fabrica - 10;74934;NAPA TURIM PU 1.0 + POLINYLON 11HM 2 L+FORRO MILANO PU 0.7;;100874;CAMEL 1165/BRANCO 15/CAMEL 1165;;-1,472;1,472;12,0;1,472;0,0;100,0;nacional
Mini Fabrica - 10;74934;NAPA TURIM PU 1.0 + POLINYLON 11HM 2 L+FORRO MILANO PU 0.7;;107650;OSTRA 1431/BRANCO 15/OSTRA 1431;;-0,491;1,0;0,0;0,0;1,0;0,0;nacional
Mini Fabrica - 10;74934;NAPA TURIM PU 1.0 + POLINYLON 11HM 2 L+FORRO MILANO PU 0.7;;109002;CHOCOLATE 1271/PRETO 01/CHOCOLATE 1271;;-0,491;1,0;15,8;1,0;0,0;100,0;nacional
Mini Fabrica - 10;80451;CAMURCAO PU 1.2 (M O/I 2016)+FILME SC 50;;15745;PRETO 01;;-96,874;96,874;30,0;30,0;66,874;30,96806160579722;nacional
Mini Fabrica - 10;80451;CAMURCAO PU 1.2 (M O/I 2016)+FILME SC 50;;93249;AREIA 1137;;-54,206;54,206;50,0;50,0;4,206000000000003;92,240711360366;nacional
Mini Fabrica - 10;81298;NAPA FLOTER RUSTICO NEO 1.4(MLK O/I 17);;15745;PRETO 01;;-5,082;5,082;0,0;0,0;5,082;0,0;nacional
Mini Fabrica - 10;81298;NAPA FLOTER RUSTICO NEO 1.4(MLK O/I 17);;93249;AREIA 1137;;-4,095;4,095;0,0;0,0;4,095;0,0;nacional
Mini Fabrica - 10;81554;NAPA FLOTER RUSTICO NEO 1.4(MLK O/I 17)+VELVET 0.50;;15787;PRETO 01/PRETO;;-11,416;11,416;0,0;0,0;11,416;0,0;nacional
Mini Fabrica - 10;81554;NAPA FLOTER RUSTICO NEO 1.4(MLK O/I 17)+VELVET 0.50;;93868;BRANCO OFF 1132/CREME 516;;-8,16;8,16;11,1;8,16;0,0;100,0;nacional
Mini Fabrica - 10;92871;MALHA ADTERM MA 140P CONFORFLEX 650C;;15745;PRETO 01;;-45,174;45,174;0,0;0,0;45,174;0,0;nacional
Mini Fabrica - 10;108850;NAPA PELE STRECH PU 1.0 (MD O/I 2019);;95669;CARAMELO 1170;;-1,22;1,22;53,5;1,22;0,0;100,0;nacional
Mini Fabrica - 10;112008;NAPA PELE STRECH PU 1.0 (MD O/I 2019)+SARJA 7030/40;;90037;TAN 1080/CRU 20;;-23,541;23,541;30,0;23,541;0,0;100,0;nacional
Mini Fabrica - 10;114196;NAPA PELE STRECH PU 1.0 (MD O/I 2019)+VELVET;;101646;CHOCOLATE 1271/PRETO;;-0,006;1,0;0,0;0,0;1,0;0,0;nacional
Mini Fabrica - 10;128939;NAPA FLOATHER NATURE PU 1.0 (MD P/V 20/21) + SARJA 7030/40;;15758;PRETO 01/PRETO 01;;-20,889;20,889;68,0;20,889;0,0;100,0;nacional
Mini Fabrica - 10;128939;NAPA FLOATHER NATURE PU 1.0 (MD P/V 20/21) + SARJA 7030/40;;18215;BRANCO 99/CRU 20;;-0,751;1,0;25,0;1,0;0,0;100,0;nacional
Mini Fabrica - 10;138672;NAPA FLOATHER NATURE PU 1.0 (MD P/V 20/21)+VELVET;;100604;AVELA 1248/CREME 516;;-13,042;13,042;256,0;13,042;0,0;100,0;nacional
Mini Fabrica - 10;138672;NAPA FLOATHER NATURE PU 1.0 (MD P/V 20/21)+VELVET;;104327;VERDE SALVIA 1401/CREME 516;;-10,328;10,328;29,0;10,328;0,0;100,0;nacional
Mini Fabrica - 10;151481;CACHAREL RUN (MLK)+ESP PU 1,5 D30+SP 40GR ANTI-MICROBIANO;;26485;BRANCO 99/BRANCO 15/BRANCO 15;;-10,428;10,428;0,0;0,0;10,428;0,0;nacional
Mini Fabrica - 10;151481;CACHAREL RUN (MLK)+ESP PU 1,5 D30+SP 40GR ANTI-MICROBIANO;;59778;PRETO/BRANCO 15/PRETO 01;;-16,962;16,962;238,5;16,962;0,0;100,0;nacional
Mini Fabrica - 10;151481;CACHAREL RUN (MLK)+ESP PU 1,5 D30+SP 40GR ANTI-MICROBIANO;;108772;CAMEL 778/BRANCO 15- BRANCO 15;;-8,22;8,22;0,0;0,0;8,22;0,0;nacional
Mini Fabrica - 10;152117;NAPA FLOTER RUSTICO NEO 1.4(MLK O/I 17)+FILME TACK 40GR;;93244;BRANCO OFF 1132;;-10,547;10,547;15,5;10,547;0,0;100,0;nacional
Mini Fabrica - 10;157751;FORRO MILANO PU 0.7(B O/I 2014)+FILME PA 102/18;;15745;PRETO 01;;-2,658;2,658;0,0;0,0;2,658;0,0;nacional
Mini Fabrica - 10;157751;FORRO MILANO PU 0.7(B O/I 2014)+FILME PA 102/18;;101321;CHOCOLATE 1271;;-5,939;5,939;0,0;0,0;5,939;0,0;nacional
Mini Fabrica - 10;164097;NAPA FLOATHER CLASSIC NEO 1.45(ACT P/V 22/23);;15745;PRETO 01;;-9,832;9,832;7,0;7,0;2,8320000000000007;71,19609438567942;nacional
Mini Fabrica - 10;164444;TECIDO VELVET+ESPUMA PU 1,5MM D26+SPON 30;;44926;BRANCO 15/BRANCO 15;;-1,117;1,117;0,0;0,0;1,117;0,0;nacional
Mini Fabrica - 10;166687;NAPA FLOATHER CLASSIC NEO 1.45(ACT P/V 22/23)+VELVET 0.50;;15758;PRETO 01/PRETO 01;;-27,908;27,908;86,8;27,908;0,0;100,0;nacional
Mini Fabrica - 10;166687;NAPA FLOATHER CLASSIC NEO 1.45(ACT P/V 22/23)+VELVET 0.50;;36147;BRANCO 99/CREME 516;;-21,888;21,888;26,9;21,888;0,0;100,0;nacional
Mini Fabrica - 10;168353;FILME PVC AUSTRALIA;;106717;IRON 1452;;-0,725;1,0;19,6;1,0;0,0;100,0;nacional
Mini Fabrica - 10;170196;NYLON FREE SPORT+DUPLAFRONTURA SPACER SOLAR STR XX I8U 245G;;101082;AREIA 1137/BRANCO;;-6,916;6,916;0,0;0,0;6,916;0,0;nacional
Mini Fabrica - 10;172896;NAPA BERLIM PU 1.2+TECIDO LECCE;;84081;CAFE 987/PRETO 01;;-6,867;6,867;0,0;0,0;6,867;0,0;nacional
Mini Fabrica - 10;173406;GASPEA LOC PESARO(ACT 0/I 24) L.4935.100;PAR;15745;PRETO 01;2;-95,0;95,0;210,0;95,0;0,0;100,0;nacional
Mini Fabrica - 10;173406;GASPEA LOC PESARO(ACT 0/I 24) L.4935.100;PAR;93237;MARINHO 1128;2;-408,0;408,0;0,0;0,0;408,0;0,0;nacional
Mini Fabrica - 10;173406;GASPEA LOC PESARO(ACT 0/I 24) L.4935.100;PAR;93237;MARINHO 1128;4;-449,0;449,0;86,0;86,0;363,0;19,15367483296214;nacional
Mini Fabrica - 10;174077;NAPA SUPREMA PU 0.9 (MD O/I 25)+ESPUMA 3,5MM D26+SPON 20;;25405;PRETO 01/BRANCO 15/PRETO 01;;-235,598;235,598;0,0;0,0;235,598;0,0;nacional
Mini Fabrica - 10;174077;NAPA SUPREMA PU 0.9 (MD O/I 25)+ESPUMA 3,5MM D26+SPON 20;;26485;BRANCO 99/BRANCO 15/BRANCO 15;;-61,774;61,774;0,0;0,0;61,774;0,0;nacional
Mini Fabrica - 10;174077;NAPA SUPREMA PU 0.9 (MD O/I 25)+ESPUMA 3,5MM D26+SPON 20;;73980;CAFE 856/BRANCO 15/PRETO 01;;-206,406;206,406;0,0;0,0;206,406;0,0;nacional
Mini Fabrica - 10;183344;NAPA GARDA PU 1.0 (V P/V 24/25);;95373;CAMEL 1165;;-2,125;2,125;1,0;1,0;1,125;47,05882352941176;nacional
Mini Fabrica - 10;187352;NAPA FLOATHER VENEZIA PU 0.9 (MD O/I 25)+VELVET;;36126;BRANCO OFF 526/CREME 516;;-20,0;20,0;29,9;20,0;0,0;100,0;nacional
Mini Fabrica - 10;187571;TECIDO XANGAI(ACT 0/I 25)+ ESPUMA D23 2,5MM + TECIDO MEIA MALHA 100GR;;32908;PRETO 01/CINZA/PRETO 01;;-11,27;11,27;45,0;11,27;0,0;100,0;nacional
Mini Fabrica - 10;187571;TECIDO XANGAI(ACT 0/I 25)+ ESPUMA D23 2,5MM + TECIDO MEIA MALHA 100GR;;103332;CHUMBO 1321/CINZA/PRETO 01;;-40,053;40,053;0,0;0,0;40,053;0,0;nacional
Mini Fabrica - 10;187654;NAPA GARDA PU 1.0 (V P/V 24/25)+BASE FLEX;;96142;CAMEL 1165/BISCOITO;;-9,054;9,054;0,0;0,0;9,054;0,0;nacional
Mini Fabrica - 10;188721;TECIDO MARAGOGI(ACT 0/I 25)+ ESPUMA D23 2,5MM + TECIDO MEIA MALHA 100GR;;32908;PRETO 01/CINZA/PRETO 01;;-23,147;23,147;0,0;0,0;23,147;0,0;nacional
Mini Fabrica - 10;188721;TECIDO MARAGOGI(ACT 0/I 25)+ ESPUMA D23 2,5MM + TECIDO MEIA MALHA 100GR;;93368;MARINHO 1128/CINZA/PRETO 01;;-6,762;6,762;0,0;0,0;6,762;0,0;nacional
Mini Fabrica - 10;188721;TECIDO MARAGOGI(ACT 0/I 25)+ ESPUMA D23 2,5MM + TECIDO MEIA MALHA 100GR;;104524;TAUPE 1325/CINZA/PRETO 01;;-13,718;13,718;0,0;0,0;13,718;0,0;nacional
Mini Fabrica - 10;192734;TECIDO XANGAI(ACT O/I 25)+SARJA 7030/50;;15758;PRETO 01/PRETO 01;;-58,54;58,54;30,0;30,0;28,54;51,247010591048856;nacional
Mini Fabrica - 10;193215;BRILHO ITALIA PU 0.9 (P/V 25/26)+POLINYLON 11HM 2 L+FORRO MILANO PU 0.7;;40525;DOURADO/BRANCO 15/NATURAL;;-0,491;1,0;0,0;0,0;1,0;0,0;nacional
Mini Fabrica - 10;194041;TECIDO ADTERM CH 120 C CB CONFORFLEX T7 2213 300;;15745;PRETO 01;;-123,941;123,941;255,0;123,941;0,0;100,0;nacional
Mini Fabrica - 10;195878;NAPA VELUNA 0.9 (MD O/I 26) - IMPORTADO +VELVET;;106878;CHOCOLATE 1456/PRETO 01;;-3,911;3,911;3,0;3,0;0,911;76,7067246228586;nacional
Mini Fabrica - 10;195878;NAPA VELUNA 0.9 (MD O/I 26) - IMPORTADO +VELVET;;109066;CASTANHO 1455/CASTANHO;;-37,0;37,0;69,9;37,0;0,0;100,0;nacional
Mini Fabrica - 10;196639;NAPA VELUNA 0.9 (MD O/I 26) - IMPORTADO+ SARJA 7030/40;;15758;PRETO 01/PRETO 01;;-1,634;1,634;0,0;0,0;1,634;0,0;nacional
Mini Fabrica - 10;196639;NAPA VELUNA 0.9 (MD O/I 26) - IMPORTADO+ SARJA 7030/40;;106878;CHOCOLATE 1456/PRETO 01;;-9,709;9,709;128,0;9,709;0,0;100,0;nacional
Mini Fabrica - 10;196639;NAPA VELUNA 0.9 (MD O/I 26) - IMPORTADO+ SARJA 7030/40;;107559;CASTANHO 1455/CRU 20;;-7,512;7,512;8,2;7,512;0,0;100,0;nacional
Mini Fabrica - 10;197280;CAMURCAO LONDON PU 1.2 (V O/I 25) -IMPORTADO.;;101439;CACAU 1277;;-5,548;5,548;0,0;0,0;5,548;0,0;nacional
Mini Fabrica - 10;201688;TECIDO GAIA (ACT O/I25);;15745;PRETO 01;;-16,083;16,083;0,0;0,0;16,083;0,0;nacional
Mini Fabrica - 10;201688;TECIDO GAIA (ACT O/I25);;16072;BRANCO 99;;-0,627;1,0;0,0;0,0;1,0;0,0;nacional
Mini Fabrica - 10;201688;TECIDO GAIA (ACT O/I25);;93244;BRANCO OFF 1132;;-0,269;1,0;0,0;0,0;1,0;0,0;nacional
Mini Fabrica - 10;202067;TECIDO SUBLIME 160GR+ ESP D26 3MM+ JERSEY;;93518;MARINHO 1128/PRETO/PRETO;;-5,104;5,104;0,0;0,0;5,104;0,0;nacional
Mini Fabrica - 10;202295;NAPA MICRO PERFUROS GALY P.U 1.0 (MD P/V 23/24)+CACHAREL SOFT;;15758;PRETO 01/PRETO 01;;-28,122;28,122;0,0;0,0;28,122;0,0;nacional
Mini Fabrica - 10;204119;NAPA FLOTER RUSTICO NEO 1.4(MLK O/I 17)+FILME SC 50;;16072;BRANCO 99;;-2,509;2,509;0,0;0,0;2,509;0,0;nacional
Mini Fabrica - 10;204339;TECIDO GAIA (ACT O/I25)+VELVET 0.50;;15787;PRETO 01/PRETO;;-64,725;64,725;0,0;0,0;64,725;0,0;nacional
Mini Fabrica - 10;204339;TECIDO GAIA (ACT O/I25)+VELVET 0.50;;66355;CAMEL 778/CAPUCCINO;;-22,002;22,002;0,0;0,0;22,002;0,0;nacional
Mini Fabrica - 16;23124;TERMOPONTO P345/11 - 120;;3;PRETO;;-0,425;1,0;117,0;1,0;0,0;100,0;nacional
Mini Fabrica - 16;23124;TERMOPONTO P345/11 - 120;;50;NATURAL;;-0,6;1,0;186,0;1,0;0,0;100,0;nacional
Mini Fabrica - 16;25567;AVESSO VELUR;;3;PRETO;;-61,847;61,847;0,0;0,0;61,847;0,0;nacional
Mini Fabrica - 16;25567;AVESSO VELUR;;35313;CREME 516;;-1,026;1,026;0,0;0,0;1,026;0,0;nacional
Mini Fabrica - 16;56427;PELICA PU 1.0 (V O/I 2014);;15745;PRETO 01;;-15,61;15,61;0,0;0,0;15,61;0,0;nacional
Mini Fabrica - 16;56577;FORRO MILANO PU 0.7(B O/I 2014);;83517;CREME 985;;-3,665;3,665;152,0;3,665;0,0;100,0;nacional
Mini Fabrica - 16;56577;FORRO MILANO PU 0.7(B O/I 2014);;95373;CAMEL 1165;;-24,776;24,776;93,0;24,776;0,0;100,0;nacional
Mini Fabrica - 16;56577;FORRO MILANO PU 0.7(B O/I 2014);;101321;CHOCOLATE 1271;;-22,8;22,8;50,0;22,8;0,0;100,0;nacional
Mini Fabrica - 16;58702;FORRO CACHAREL CONFORT(MD O/I 2014)+ESP.PU2,5 D30+SPO40GR ANTI- MICROBI;;15745;PRETO 01;;-0,508;1,0;37,9;1,0;0,0;100,0;nacional
Mini Fabrica - 16;67244;NAPA TURIM PU 1.0 (B P/V 15/16);;15745;PRETO 01;;-3,046;3,046;0,0;0,0;3,046;0,0;nacional
Mini Fabrica - 16;67244;NAPA TURIM PU 1.0 (B P/V 15/16);;29452;BEGE 435;;-5,481;5,481;25,0;5,481;0,0;100,0;nacional
Mini Fabrica - 16;67244;NAPA TURIM PU 1.0 (B P/V 15/16);;107610;OLIVE 1469;;-0,139;1,0;30,0;1,0;0,0;100,0;nacional
Mini Fabrica - 16;73034;NAPA TURIM PU 1.0 (B P/V 15/16)+BASE FLEX 1.0;;37331;BRANCO OFF 526/BISCOITO;;-0,849;1,0;107,5;1,0;0,0;100,0;nacional
Mini Fabrica - 16;73034;NAPA TURIM PU 1.0 (B P/V 15/16)+BASE FLEX 1.0;;96142;CAMEL;;-51,822;51,822;1,5;1,5;50,322;2,89452356142179;nacional
Mini Fabrica - 16;74934;NAPA TURIM PU 1.0 + POLINYLON 11HM 2 L+FORRO MILANO PU 0.7;;100874;CAMEL 1165/BRANCO 15/CAMEL 1165;;-0,462;1,0;12,0;1,0;0,0;100,0;nacional
Mini Fabrica - 16;83164;VERNIZ GLAM PU 1.0 (M O/I 2017)+VELVET;;15787;PRETO 01/PRETO;;-141,808;141,808;0,0;0,0;141,808;0,0;nacional
Mini Fabrica - 16;92871;MALHA ADTERM MA 140P CONFORFLEX 650C;;15745;PRETO 01;;-6,142;6,142;0,0;0,0;6,142;0,0;nacional
Mini Fabrica - 16;108850;NAPA PELE STRECH PU 1.0 (MD O/I 2019);;89673;TAN 1080;;-48,613;48,613;60,0;48,613;0,0;100,0;nacional
Mini Fabrica - 16;128938;NAPA FLOATHER NATURE PU 1.0 (MD P/V 20/21);;15745;PRETO 01;;-0,193;1,0;0,0;0,0;1,0;0,0;nacional
Mini Fabrica - 16;128939;NAPA FLOATHER NATURE PU 1.0 (MD P/V 20/21) + SARJA 7030/40;;100769;AVELA 1248/CRU 20;;-8,411;8,411;84,0;8,411;0,0;100,0;nacional
Mini Fabrica - 16;130334;NAPA FLOATHER NATURE PU 1.0 (MD P/V 20/21)+BASE FLEX 1.0;;15787;PRETO 01/PRETO;;-3,262;3,262;22,0;3,262;0,0;100,0;nacional
Mini Fabrica - 16;135523;NAPA GENEBRA PU 1.2 (B O/I 2020) - IMPORTADO;;15745;PRETO 01;;-28,41;28,41;120,0;28,41;0,0;100,0;nacional
Mini Fabrica - 16;144871;ESPUMA PU NZ N D50 12MM (V P/V 16/17);;1;BRANCO;;-25,729;25,729;0,0;0,0;25,729;0,0;nacional
Mini Fabrica - 16;157751;FORRO MILANO PU 0.7(B O/I 2014)+FILME PA 102/18;;35312;BRANCO OFF 526;;-7,694;7,694;29,6;7,694;0,0;100,0;nacional
Mini Fabrica - 16;157751;FORRO MILANO PU 0.7(B O/I 2014)+FILME PA 102/18;;95373;CAMEL 1165;;-3,898;3,898;12,9;3,898;0,0;100,0;nacional
Mini Fabrica - 16;158021;NAPA BERLIM PU 1.2 (M O/I 2023)+CACHAREL SOFT;;89680;TAN 1080/CREME 516;;-0,381;1,0;0,0;0,0;1,0;0,0;nacional
Mini Fabrica - 16;158021;NAPA BERLIM PU 1.2 (M O/I 2023)+CACHAREL SOFT;;100604;AVELA 1248/CREME 516;;-2,475;2,475;0,0;0,0;2,475;0,0;nacional
Mini Fabrica - 16;162659;NAPA GENEBRA PU 1.2 (B O/I 2020)+CACHAREL SOFT;;73437;CAFE 856/PRETO 01;;-25,835;25,835;0,0;0,0;25,835;0,0;nacional
Mini Fabrica - 16;164444;TECIDO VELVET+ESPUMA PU 1,5MM D26+SPON 30;;29497;BEGE 435/BRANCO 15;;-7,718;7,718;0,0;0,0;7,718;0,0;nacional
Mini Fabrica - 16;164444;TECIDO VELVET+ESPUMA PU 1,5MM D26+SPON 30;;105638;AVELA 1248/BRANCO 15;;-44,227;44,227;0,0;0,0;44,227;0,0;nacional
Mini Fabrica - 16;168862;NAPA SUPREMA PU 0.9 (MD O/I 25);;16072;BRANCO 99;;-53,296;53,296;0,0;0,0;53,296;0,0;nacional
Mini Fabrica - 16;168862;NAPA SUPREMA PU 0.9 (MD O/I 25);;35312;BRANCO OFF 526;;-41,971;41,971;0,0;0,0;41,971;0,0;nacional
Mini Fabrica - 16;168873;NAPA CALF PU 0.9 ( P/V 24/25);;15745;PRETO 01;;-1,36;1,36;0,0;0,0;1,36;0,0;nacional
Mini Fabrica - 16;168873;NAPA CALF PU 0.9 ( P/V 24/25);;35312;BRANCO OFF 526;;-3,99;3,99;0,0;0,0;3,99;0,0;nacional
Mini Fabrica - 16;168873;NAPA CALF PU 0.9 ( P/V 24/25);;101321;CHOCOLATE 1271;;-4,97;4,97;28,0;4,97;0,0;100,0;nacional
Mini Fabrica - 16;168873;NAPA CALF PU 0.9 ( P/V 24/25);;107613;TERRACOTA 1477;;-63,37;63,37;160,0;63,37;0,0;100,0;nacional
Mini Fabrica - 16;183344;NAPA GARDA PU 1.0 (V P/V 24/25);;35312;BRANCO OFF 526;;-71,844;71,844;0,0;0,0;71,844;0,0;nacional
Mini Fabrica - 16;183344;NAPA GARDA PU 1.0 (V P/V 24/25);;95373;CAMEL 1165;;-18,578;18,578;1,0;1,0;17,578;5,382710733125202;nacional
Mini Fabrica - 16;183344;NAPA GARDA PU 1.0 (V P/V 24/25);;105704;OSTRA 1431;;-0,366;1,0;0,0;0,0;1,0;0,0;nacional
Mini Fabrica - 16;183344;NAPA GARDA PU 1.0 (V P/V 24/25);;107610;OLIVE 1469;;-4,384;4,384;50,0;4,384;0,0;100,0;nacional
Mini Fabrica - 16;183803;NAPA TURIM GALES PU 1.0 (B P/V 24/25)+BASE FLEX 1.0;;37331;BRANCO OFF 526/BISCOITO;;-19,126;19,126;0,0;0,0;19,126;0,0;nacional
Mini Fabrica - 16;184017;NAPA GARDA PU 1.0 (V P/V 24/25)+TECIDO VELVET;;15758;PRETO 01/PRETO 01;;-19,06;19,06;31,0;19,06;0,0;100,0;nacional
Mini Fabrica - 16;184017;NAPA GARDA PU 1.0 (V P/V 24/25)+TECIDO VELVET;;101646;CHOCOLATE 1271/PRETO;;-10,79;10,79;29,0;10,79;0,0;100,0;nacional
Mini Fabrica - 16;187654;NAPA GARDA PU 1.0 (V P/V 24/25)+BASE FLEX;;107628;OLIVE 1469/BISCOITO;;-0,66;1,0;0,0;0,0;1,0;0,0;nacional
Mini Fabrica - 16;192801;BRILHO ITALIA PU 0.9 (P/V 25/26);;104337;BRONZE 1402;;-2,113;2,113;62,0;2,113;0,0;100,0;nacional
Mini Fabrica - 16;192842;BRILHO ITALIA PU 0.9 (P/V 25/26)+BASE FLEX;;34788;DOURADO/BISCOITO;;-8,88;8,88;20,0;8,88;0,0;100,0;nacional
Mini Fabrica - 16;193461;BRILHO ITALIA PU 0.9 +FILME TACK 40 GR;;66;DOURADO;;-3,598;3,598;0,0;0,0;3,598;0,0;nacional
Mini Fabrica - 16;195710;CAMURCAO LONDON PU 1.2 (V O/I 25)-IMPORTADO+FILME TACK 40GR;;106595;BRANCO OFF 1449;;-29,197;29,197;0,0;0,0;29,197;0,0;nacional
Mini Fabrica - 16;195710;CAMURCAO LONDON PU 1.2 (V O/I 25)-IMPORTADO+FILME TACK 40GR;;106596;CARAMELO 1450;;-7,116;7,116;3,0;3,0;4,116;42,15851602023609;nacional
Mini Fabrica - 16;196091;CAMURCAO LONDON PU 1.2 (V O/I 25) -IMPORTADO+BASE FLEX;;107388;CARAMELO 1450/BISCOITO;;-12,038;12,038;0,0;0,0;12,038;0,0;nacional
Mini Fabrica - 16;196091;CAMURCAO LONDON PU 1.2 (V O/I 25) -IMPORTADO+BASE FLEX;;107778;BRANCO OFF 1449/BISCOITO;;-6,62;6,62;14,5;6,62;0,0;100,0;nacional
Mini Fabrica - 16;196688;CAMURCAO LONDON PU 1.2 (V O/I 25)+CACHAREL SOFT;;15758;PRETO 01/PRETO 01;;-2,376;2,376;0,0;0,0;2,376;0,0;nacional
Mini Fabrica - 16;197280;CAMURCAO LONDON PU 1.2 (V O/I 25) -IMPORTADO.;;101439;CACAU 1277;;-2,422;2,422;0,0;0,0;2,422;0,0;nacional
Mini Fabrica - 16;200331;NAPA BERLIM LEZARD PRINT PU 0.9 (M O/I 26)+CACHAREL SOFT;;15758;PRETO 01/PRETO 01;;-24,318;24,318;0,0;0,0;24,318;0,0;nacional
Mini Fabrica - 16;200331;NAPA BERLIM LEZARD PRINT PU 0.9 (M O/I 26)+CACHAREL SOFT;;84081;CAFE 987/PRETO 01;;-5,392;5,392;0,0;0,0;5,392;0,0;nacional
Mini Fabrica - 16;200331;NAPA BERLIM LEZARD PRINT PU 0.9 (M O/I 26)+CACHAREL SOFT;;89680;TAN 1080/CREME 516;;-0,404;1,0;4,5;1,0;0,0;100,0;nacional
Mini Fabrica - 16;200331;NAPA BERLIM LEZARD PRINT PU 0.9 (M O/I 26)+CACHAREL SOFT;;100604;AVELA 1248/CREME 516;;-2,626;2,626;0,0;0,0;2,626;0,0;nacional
Mini Fabrica - 16;202643;NAPA SOFT MADRI PU 1.0 (V O/I 23/24)+BASE FLEX;;37331;BRANCO OFF 526/BISCOITO;;-0,248;1,0;19,0;1,0;0,0;100,0;nacional
Mini Fabrica - 16;206575;PELICA PU 1.0 (V O/I 2014)+CACHAREL SOFT;;84081;CAFE 987/PRETO 01;;-10,51;10,51;0,0;0,0;10,51;0,0;nacional
Mini Fabrica - 19;23124;TERMOPONTO P345/11 - 120;;3;PRETO;;-21,04;21,04;117,0;21,04;0,0;100,0;nacional
Mini Fabrica - 19;23124;TERMOPONTO P345/11 - 120;;50;NATURAL;;-8,16;8,16;186,0;8,16;0,0;100,0;nacional
Mini Fabrica - 19;25567;AVESSO VELUR;;3;PRETO;;-3,791;3,791;0,0;0,0;3,791;0,0;nacional
Mini Fabrica - 19;25567;AVESSO VELUR;;35313;CREME 516;;-3,698;3,698;0,0;0,0;3,698;0,0;nacional
Mini Fabrica - 19;34062;PANO P/ REFORCO CR 150;;0;SEM COR;;-7,521;7,521;4123,9;7,521;0,0;100,0;nacional
Mini Fabrica - 19;56577;FORRO MILANO PU 0.7(B O/I 2014);;50;NATURAL;;-107,849;107,849;0,0;0,0;107,849;0,0;nacional
Mini Fabrica - 19;56577;FORRO MILANO PU 0.7(B O/I 2014);;15745;PRETO 01;;-1,058;1,058;0,0;0,0;1,058;0,0;nacional
Mini Fabrica - 19;56577;FORRO MILANO PU 0.7(B O/I 2014);;29452;BEGE 435;;-4,368;4,368;0,0;0,0;4,368;0,0;nacional
Mini Fabrica - 19;56577;FORRO MILANO PU 0.7(B O/I 2014);;35312;BRANCO OFF 526;;-0,763;1,0;26,0;1,0;0,0;100,0;nacional
Mini Fabrica - 19;56577;FORRO MILANO PU 0.7(B O/I 2014);;83517;CREME 985;;-40,709;40,709;152,0;40,709;0,0;100,0;nacional
Mini Fabrica - 19;56577;FORRO MILANO PU 0.7(B O/I 2014);;89673;TAN 1080;;-41,481;41,481;69,0;41,481;0,0;100,0;nacional
Mini Fabrica - 19;56577;FORRO MILANO PU 0.7(B O/I 2014);;95373;CAMEL 1165;;-4,225;4,225;93,0;4,225;0,0;100,0;nacional
Mini Fabrica - 19;56577;FORRO MILANO PU 0.7(B O/I 2014);;101321;CHOCOLATE 1271;;-18,459;18,459;50,0;18,459;0,0;100,0;nacional
Mini Fabrica - 19;56577;FORRO MILANO PU 0.7(B O/I 2014);;107610;OLIVE 1469;;-2,724;2,724;46,0;2,724;0,0;100,0;nacional
Mini Fabrica - 19;58623;FORRO MILANO PU 0.7(B O/I 2014)+FILME TPU SC 50;;15745;PRETO 01;;-4,627;4,627;44,0;4,627;0,0;100,0;nacional
Mini Fabrica - 19;58623;FORRO MILANO PU 0.7(B O/I 2014)+FILME TPU SC 50;;29452;BEGE 435;;-0,661;1,0;25,0;1,0;0,0;100,0;nacional
Mini Fabrica - 19;63609;FORRO MILANO PU 0.7+PX25+FILME PU 400;;50;NATURAL;;-97,35;97,35;229,4;97,35;0,0;100,0;nacional
Mini Fabrica - 19;64664;FORRO FACHETE PVC 0.8 (B O/I 2015);;15745;PRETO 01;;-24,928;24,928;21,0;21,0;3,928000000000001;84,2426187419769;nacional
Mini Fabrica - 19;67244;NAPA TURIM PU 1.0 (B P/V 15/16);;29452;BEGE 435;;-2,481;2,481;25,0;2,481;0,0;100,0;nacional
Mini Fabrica - 19;67244;NAPA TURIM PU 1.0 (B P/V 15/16);;52531;NUDE 658;;-17,478;17,478;0,0;0,0;17,478;0,0;nacional
Mini Fabrica - 19;67244;NAPA TURIM PU 1.0 (B P/V 15/16);;83517;CREME 985;;-44,965;44,965;0,0;0,0;44,965;0,0;nacional
Mini Fabrica - 19;67244;NAPA TURIM PU 1.0 (B P/V 15/16);;89673;TAN 1080;;-37,703;37,703;65,0;37,703;0,0;100,0;nacional
Mini Fabrica - 19;67244;NAPA TURIM PU 1.0 (B P/V 15/16);;107613;TERRACOTA 1477;;-16,037;16,037;26,0;16,037;0,0;100,0;nacional
Mini Fabrica - 19;67345;NAPA TURIM PU 1.0 + SARJA 7030/40 0.40;;15758;PRETO 01/PRETO 01;;-5,233;5,233;392,8;5,233;0,0;100,0;nacional
Mini Fabrica - 19;67345;NAPA TURIM PU 1.0 + SARJA 7030/40 0.40;;105897;OSTRA 1431/CRU 20;;-2,17;2,17;47,8;2,17;0,0;100,0;nacional
Mini Fabrica - 19;74934;NAPA TURIM PU 1.0 + POLINYLON 11HM 2 L+FORRO MILANO PU 0.7;;16143;PRETO 01/PRETO 01/PRETO 01;;-10,178;10,178;2,0;2,0;8,178;19,65022597759874;nacional
Mini Fabrica - 19;74934;NAPA TURIM PU 1.0 + POLINYLON 11HM 2 L+FORRO MILANO PU 0.7;;96674;CAMEL 1165/BRANCO 15/NATURAL;;-7,538;7,538;11,8;7,538;0,0;100,0;nacional
Mini Fabrica - 19;74934;NAPA TURIM PU 1.0 + POLINYLON 11HM 2 L+FORRO MILANO PU 0.7;;101878;CHOCOLATE 1271/PRETO 01/PRETO 01;;-10,379;10,379;19,0;10,379;0,0;100,0;nacional
Mini Fabrica - 19;74934;NAPA TURIM PU 1.0 + POLINYLON 11HM 2 L+FORRO MILANO PU 0.7;;108445;OLIVE 1469/BRANCO 15/NATURAL;;-2,671;2,671;0,0;0,0;2,671;0,0;nacional
Mini Fabrica - 19;76853;METAL GLAMOUR PU 0.9 (V P/V 16/17);;41;PRATA;;-3,513;3,513;0,0;0,0;3,513;0,0;nacional
Mini Fabrica - 19;76853;METAL GLAMOUR PU 0.9 (V P/V 16/17);;23146;OURO ROSADO;;-219,62;219,62;0,0;0,0;219,62;0,0;nacional
Mini Fabrica - 19;135523;NAPA GENEBRA PU 1.2 (B O/I 2020) - IMPORTADO;;15745;PRETO 01;;-19,146;19,146;120,0;19,146;0,0;100,0;nacional
Mini Fabrica - 19;140206;NAPA FLOATHER ZURIQUE PU 1.2- IMPORTADO;;95669;CARAMELO 1170;;-1,803;1,803;0,0;0,0;1,803;0,0;nacional
Mini Fabrica - 19;140345;NAPA BERLIM PU 1.2- IMPORTADO;;15745;PRETO 01;;-26,826;26,826;0,0;0,0;26,826;0,0;nacional
Mini Fabrica - 19;140345;NAPA BERLIM PU 1.2- IMPORTADO;;83508;CAFE 987;;-19,025;19,025;0,0;0,0;19,025;0,0;nacional
Mini Fabrica - 19;143760;METALIZADO LONDON PU 0.9+BASE FLEX;;34788;DOURADO/BISCOITO;;-0,216;1,0;11,0;1,0;0,0;100,0;nacional
Mini Fabrica - 19;157666;TECIDO ADTERM CH 180 C CONFORFLEX T7 EXT 400 C;;15745;PRETO 01;;-61,255;61,255;60,0;60,0;1,2550000000000026;97,95118765815035;nacional
Mini Fabrica - 19;172898;NAPA FLOATHER ZURIQUE PU 1.2+TECIDO LECCE;;95740;CARAMELO 1170/CREME 516;;-1,823;1,823;0,0;0,0;1,823;0,0;nacional
Mini Fabrica - 19;183344;NAPA GARDA PU 1.0 (V P/V 24/25);;35312;BRANCO OFF 526;;-19,416;19,416;0,0;0,0;19,416;0,0;nacional
Mini Fabrica - 19;183344;NAPA GARDA PU 1.0 (V P/V 24/25);;101321;CHOCOLATE 1271;;-0,418;1,0;0,0;0,0;1,0;0,0;nacional
Mini Fabrica - 19;183344;NAPA GARDA PU 1.0 (V P/V 24/25);;103102;CHERRY 1335;;-5,216;5,216;104,0;5,216;0,0;100,0;nacional
Mini Fabrica - 19;183344;NAPA GARDA PU 1.0 (V P/V 24/25);;107613;TERRACOTA 1477;;-29,935;29,935;67,0;29,935;0,0;100,0;nacional
Mini Fabrica - 19;184004;NAPA GARDA PU 1.0 (V P/V 24/25)+POLINYLON 11HML 2L+FORRO MILANO;;16143;PRETO 01/PRETO 01/PRETO 01;;-6,518;6,518;0,0;0,0;6,518;0,0;nacional
Mini Fabrica - 19;184004;NAPA GARDA PU 1.0 (V P/V 24/25)+POLINYLON 11HML 2L+FORRO MILANO;;101878;CHOCOLATE 1271/PRETO 01/PRETO 01;;-1,304;1,304;0,0;0,0;1,304;0,0;nacional
Mini Fabrica - 19;190938;NAPA TURIM CROCO MILAO PU 1.0 (B P/V 24/25);;15745;PRETO 01;;-1,5;1,5;40,0;1,5;0,0;100,0;nacional
Mini Fabrica - 19;192801;BRILHO ITALIA PU 0.9 (P/V 25/26);;41;PRATA;;-0,036;1,0;0,0;0,0;1,0;0,0;nacional
Mini Fabrica - 19;192801;BRILHO ITALIA PU 0.9 (P/V 25/26);;66;DOURADO;;-13,885;13,885;0,0;0,0;13,885;0,0;nacional
Mini Fabrica - 19;192801;BRILHO ITALIA PU 0.9 (P/V 25/26);;23146;OURO ROSADO;;-1,465;1,465;0,0;0,0;1,465;0,0;nacional
Mini Fabrica - 19;196770;NAPA ONCA GRECIA PU 0.9 (B P/V 24/25);;96942;MULTI CAMEL 1165;;-1,0;1,0;42,0;1,0;0,0;100,0;nacional
Mini Fabrica - 19;196814;NAPA BERLIM CROCO MILAO PU 1.2 (B O/I 2026)+TECIDO LECCE;;15758;PRETO 01/PRETO 01;;-1,214;1,214;25,0;1,214;0,0;100,0;nacional
Mini Fabrica - 19;196814;NAPA BERLIM CROCO MILAO PU 1.2 (B O/I 2026)+TECIDO LECCE;;84081;CAFE 987/PRETO 01;;-3,068;3,068;0,0;0,0;3,068;0,0;nacional
Mini Fabrica - 20;67244;NAPA TURIM PU 1.0 (B P/V 15/16);;105827;LILAS 1436;;-1,8;1,8;24,0;1,8;0,0;100,0;nacional
Mini Fabrica - 20;67244;NAPA TURIM PU 1.0 (B P/V 15/16);;107613;TERRACOTA 1477;;-6,0;6,0;26,0;6,0;0,0;100,0;nacional
Mini Fabrica - 20;76853;METAL GLAMOUR PU 0.9 (V P/V 16/17);;23146;OURO ROSADO;;-7,0;7,0;0,0;0,0;7,0;0,0;nacional
Mini Fabrica - 20;82290;GLITER MINI SHINE(M/MK O/I 17);;41;PRATA;;-8,093;8,093;0,0;0,0;8,093;0,0;nacional
Mini Fabrica - 20;82290;GLITER MINI SHINE(M/MK O/I 17);;23146;OURO ROSADO;;-4,494;4,494;0,0;0,0;4,494;0,0;nacional
Mini Fabrica - 20;183344;NAPA GARDA PU 1.0 (V P/V 24/25);;101321;CHOCOLATE 1271;;-8,0;8,0;0,0;0,0;8,0;0,0;nacional
Mini Fabrica - 24;34062;PANO P/ REFORCO CR 150;;0;SEM COR;;-5,883;5,883;4123,9;5,883;0,0;100,0;nacional
Mini Fabrica - 24;44187;CACHAREL SOFT(B P/V 11/12)+ESP PU 1,5 D30+SPONL 40GR ANTI-MICROBIANO;;15745;PRETO 01;;-0,399;1,0;714,4;1,0;0,0;100,0;nacional
Mini Fabrica - 24;56577;FORRO MILANO PU 0.7(B O/I 2014);;50;NATURAL;;-41,084;41,084;0,0;0,0;41,084;0,0;nacional
Mini Fabrica - 24;56577;FORRO MILANO PU 0.7(B O/I 2014);;95373;CAMEL 1165;;-0,642;1,0;93,0;1,0;0,0;100,0;nacional
Mini Fabrica - 24;70815;CAMURCAO PU 1.2 (M O/I 2016)+BASE FLEX 1.0;;90329;TAN 1080/BISCOITO;;-0,268;1,0;20,0;1,0;0,0;100,0;nacional
Mini Fabrica - 24;73034;NAPA TURIM PU 1.0 (B P/V 15/16)+BASE FLEX 1.0;;96142;CAMEL 1165/BISCOITO;;-19,872;19,872;1,5;1,5;18,372;7,548309178743962;nacional
Mini Fabrica - 24;73034;NAPA TURIM PU 1.0 (B P/V 15/16)+BASE FLEX 1.0;;101646;CHOCOLATE 1271/PRETO;;-51,922;51,922;125,9;51,922;0,0;100,0;nacional
Mini Fabrica - 24;73034;NAPA TURIM PU 1.0 (B P/V 15/16)+BASE FLEX 1.0;;107768;TERRACOTA 1477/BISCOITO;;-9,822;9,822;20,0;9,822;0,0;100,0;nacional
Mini Fabrica - 24;73034;NAPA TURIM PU 1.0 (B P/V 15/16)+BASE FLEX 1.0;;107991;SOLARE 1468/BISCOITO;;-4,317;4,317;0,0;0,0;4,317;0,0;nacional
Mini Fabrica - 24;73034;NAPA TURIM PU 1.0 (B P/V 15/16)+BASE FLEX 1.0;;109585;CAMEL 1165/CASTANHO;;-0,533;1,0;0,0;0,0;1,0;0,0;nacional
Mini Fabrica - 24;81298;NAPA FLOTER RUSTICO NEO 1.4(MLK O/I 17);;35312;BRANCO OFF 526;;-0,384;1,0;20,0;1,0;0,0;100,0;nacional
Mini Fabrica - 24;105699;NAPA FLOTER RUSTICO NEO 1.4(MLK O/I 17)+EVA 1826/ LISO 2MM ( PL1.40X0.95);;21007;BRANCO 99/PRETO 01;;-1,688;1,688;24,8;1,688;0,0;100,0;nacional
Mini Fabrica - 24;105699;NAPA FLOTER RUSTICO NEO 1.4(MLK O/I 17)+EVA 1826/ LISO 2MM ( PL1.40X0.95);;72826;CAFE 569/CARAMELO 876;;-4,551;4,551;20,3;4,551;0,0;100,0;nacional
Mini Fabrica - 24;105699;NAPA FLOTER RUSTICO NEO 1.4(MLK O/I 17)+EVA 1826/ LISO 2MM ( PL1.40X0.95);;81433;BRANCO OFF 526/CINZA 851;;-13,993;13,993;0,0;0,0;13,993;0,0;nacional
Mini Fabrica - 24;142601;NAPA MALI NEO 1.4(BRS O/1 22);;33300;MARINHO 488;;-4,212;4,212;0,0;0,0;4,212;0,0;nacional
Mini Fabrica - 24;142601;NAPA MALI NEO 1.4(BRS O/1 22);;72736;CARAMELO 876;;-3,348;3,348;0,0;0,0;3,348;0,0;nacional
Mini Fabrica - 24;147955;NAPA VERMONT NEO 1.2 (BRS O/I22) + BASE FLEX 1.0;;15787;PRETO 01/PRETO;;-3,31;3,31;7,0;3,31;0,0;100,0;nacional
Mini Fabrica - 24;170822;NAPA MOSCOU NEO 1.2 (BRS O/I25) + BASE FLEX 1.0;;15787;PRETO 01/PRETO;;-1,332;1,332;8,7;1,332;0,0;100,0;nacional
Mini Fabrica - 24;172591;NOBUCK LISBOA PU 0.9 ( V PV 24/25)+TECIDO VELVET;;36126;BRANCO OFF 526/CREME 516;;-0,833;1,0;0,0;0,0;1,0;0,0;nacional
Mini Fabrica - 24;172591;NOBUCK LISBOA PU 0.9 ( V PV 24/25)+TECIDO VELVET;;41492;BEGE 435/CREME 516;;-1,032;1,032;0,0;0,0;1,032;0,0;nacional
Mini Fabrica - 24;174390;NOBUCK LISBOA PU 0.9 ( V PV 24/25)+BASE FLEX 1.0;;37331;BRANCO OFF 526/BISCOITO;;-0,396;1,0;61,5;1,0;0,0;100,0;nacional
Mini Fabrica - 24;192842;BRILHO ITALIA PU 0.9 (P/V 25/26)+BASE FLEX;;34788;DOURADO/BISCOITO;;-27,353;27,353;20,0;20,0;7,3530000000000015;73,11812232661865;nacional
Mini Fabrica - 24;192842;BRILHO ITALIA PU 0.9 (P/V 25/26)+BASE FLEX;;38551;OURO ROSADO/BISCOITO;;-1,507;1,507;0,0;0,0;1,507;0,0;nacional
Mini Fabrica - 24;192842;BRILHO ITALIA PU 0.9 (P/V 25/26)+BASE FLEX;;78556;GRAFITE 914/PRETO;;-0,516;1,0;0,0;0,0;1,0;0,0;nacional
Mini Fabrica - 26;56577;FORRO MILANO PU 0.7(B O/I 2014);;35312;BRANCO OFF 526;;-3,312;3,312;26,0;3,312;0,0;100,0;nacional
Mini Fabrica - 26;67345;NAPA TURIM PU 1.0 + SARJA 7030/40 0.40;;15758;PRETO 01/PRETO 01;;-100,638;100,638;392,8;100,638;0,0;100,0;nacional
Mini Fabrica - 26;67345;NAPA TURIM PU 1.0 + SARJA 7030/40 0.40;;35324;BRANCO OFF 526/CRU 20;;-3,864;3,864;94,3;3,864;0,0;100,0;nacional
Mini Fabrica - 26;67345;NAPA TURIM PU 1.0 + SARJA 7030/40 0.40;;95810;CAMEL 1165/CRU 20;;-0,385;1,0;143,5;1,0;0,0;100,0;nacional
Mini Fabrica - 26;67345;NAPA TURIM PU 1.0 + SARJA 7030/40 0.40;;101602;CHOCOLATE 1271/PRETO 01;;-12,237;12,237;30,2;12,237;0,0;100,0;nacional
Mini Fabrica - 26;67345;NAPA TURIM PU 1.0 + SARJA 7030/40 0.40;;105897;OSTRA 1431/CRU 20;;-6,601;6,601;47,8;6,601;0,0;100,0;nacional
Mini Fabrica - 26;73034;NAPA TURIM PU 1.0 (B P/V 15/16)+BASE FLEX 1.0;;96142;CAMEL 1165/BISCOITO;;-31,931;31,931;1,5;1,5;30,431;4,697629263098555;nacional
Mini Fabrica - 26;74934;NAPA TURIM PU 1.0 + POLINYLON 11HM 2 L+FORRO MILANO PU 0.7;;16143;PRETO 01/PRETO 01/PRETO 01;;-1,551;1,551;2,0;1,551;0,0;100,0;nacional
Mini Fabrica - 26;74934;NAPA TURIM PU 1.0 + POLINYLON 11HM 2 L+FORRO MILANO PU 0.7;;40278;BRANCO OFF 526/BRANCO 15/NATURAL;;-3,562;3,562;18,6;3,562;0,0;100,0;nacional
Mini Fabrica - 26;74934;NAPA TURIM PU 1.0 + POLINYLON 11HM 2 L+FORRO MILANO PU 0.7;;101878;CHOCOLATE 1271/PRETO 01/PRETO 01;;-5,791;5,791;19,0;5,791;0,0;100,0;nacional
Mini Fabrica - 26;97488;PANO COURACA P/ REFORCO TX 007/B;;1;BRANCO;;-61,794;61,794;81,0;61,794;0,0;100,0;nacional
Mini Fabrica - 26;97488;PANO COURACA P/ REFORCO TX 007/B;;3;PRETO;;-2,923;2,923;0,0;0,0;2,923;0,0;nacional
Mini Fabrica - 26;128939;NAPA FLOATHER NATURE PU 1.0 (MD P/V 20/21) + SARJA 7030/40;;15758;PRETO 01/PRETO 01;;-8,843;8,843;68,0;8,843;0,0;100,0;nacional
Mini Fabrica - 26;128939;NAPA FLOATHER NATURE PU 1.0 (MD P/V 20/21) + SARJA 7030/40;;52568;NUDE 658/CRU 20;;-6,492;6,492;30,0;6,492;0,0;100,0;nacional
Mini Fabrica - 26;128939;NAPA FLOATHER NATURE PU 1.0 (MD P/V 20/21) + SARJA 7030/40;;100769;AVELA 1248/CRU 20;;-0,981;1,0;84,0;1,0;0,0;100,0;nacional
Mini Fabrica - 26;143760;METALIZADO LONDON PU 0.9+BASE FLEX;;15787;PRETO 01/PRETO;;-0,672;1,0;12,3;1,0;0,0;100,0;nacional
Mini Fabrica - 26;174565;NAPA SUPREMA PU 0.9 (MD O/I 25)+VELVET;;36126;BRANCO OFF 526/CREME 516;;-0,12;1,0;0,0;0,0;1,0;0,0;nacional
Mini Fabrica - 26;185735;NAPA RELAX PU 2.0 (MD O/I 25) - IMPORTADO;;15745;PRETO 01;;-1,637;1,637;0,0;0,0;1,637;0,0;nacional
Mini Fabrica - 26;185735;NAPA RELAX PU 2.0 (MD O/I 25) - IMPORTADO;;52531;NUDE 658;;-8,316;8,316;0,0;0,0;8,316;0,0;nacional
Mini Fabrica - 26;187451;NYLON KANSAS(ACT O/I22)+ESPUMA D501 3MM+CACHAREL 120GR;;106860;AVELA 1248/BRANCO 15/CREME 516;;-1,632;1,632;0,0;0,0;1,632;0,0;nacional
Mini Fabrica - 26;196437;NAPA ONCA GRECIA PU 0.9 (B P/V 24/25)+SARJA 7030/50;;96662;MULTI CAMEL 1165/PRETO 01;;-23,137;23,137;19,0;19,0;4,1370000000000005;82,11954877468989;nacional
Mini Fabrica - 26;200476;NAPA TRESSE TORONTO PU 0.9 (B P/V 25/26)+SARJA 7030/50;;15758;PRETO 01/PRETO 01;;-3,885;3,885;19,9;3,885;0,0;100,0;nacional
Mini Fabrica - 26;202378;NAPA ESSELENCE PU 0.9+SARJA 7030+SPO40G+ESP.PU2,5 D30+CACHAREL CONFORT;;35738;BRANCO OFF 526/CRU 20/BEGE 435;;-4,08;4,08;0,0;0,0;4,08;0,0;nacional
Mini Fabrica - 26;202378;NAPA ESSELENCE PU 0.9+SARJA 7030+SPO40G+ESP.PU2,5 D30+CACHAREL CONFORT;;109577;AVELA 1248/CRU 20/BEGE 435;;-4,896;4,896;0,0;0,0;4,896;0,0;nacional
Mini Fabrica - 30;25567;AVESSO VELUR;;3;PRETO;;-13,87;13,87;0,0;0,0;13,87;0,0;nacional
Mini Fabrica - 30;25567;AVESSO VELUR;;23041;CARAMELO 310;;-19,307;19,307;0,0;0,0;19,307;0,0;nacional
Mini Fabrica - 30;25567;AVESSO VELUR;;35313;CREME 516;;-30,199;30,199;0,0;0,0;30,199;0,0;nacional
Mini Fabrica - 30;56577;FORRO MILANO PU 0.7(B O/I 2014);;104045;AZUL SKY 1395;;-5,562;5,562;0,0;0,0;5,562;0,0;nacional
Mini Fabrica - 30;64664;FORRO FACHETE PVC 0.8 (B O/I 2015);;15745;PRETO 01;;-43,464;43,464;21,0;21,0;22,464;48,315847598012155;nacional
Mini Fabrica - 30;67244;NAPA TURIM PU 1.0 (B P/V 15/16);;83517;CREME 985;;-5,392;5,392;0,0;0,0;5,392;0,0;nacional
Mini Fabrica - 30;67244;NAPA TURIM PU 1.0 (B P/V 15/16);;107610;OLIVE 1469;;-12,466;12,466;30,0;12,466;0,0;100,0;nacional
Mini Fabrica - 30;73034;NAPA TURIM PU 1.0 (B P/V 15/16)+BASE FLEX 1.0;;107768;TERRACOTA 1477/BISCOITO;;-0,983;1,0;20,0;1,0;0,0;100,0;nacional
Mini Fabrica - 30;74934;NAPA TURIM PU 1.0 + POLINYLON 11HM 2 L+FORRO MILANO PU 0.7;;100874;CAMEL 1165/BRANCO 15/CAMEL 1165;;-2,658;2,658;12,0;2,658;0,0;100,0;nacional
Mini Fabrica - 30;84629;VERNIZ PREMIUM PU 1.0 (M/MD O/I 2017)+ SARJA 7030/40 0.40;;35324;BRANCO OFF 526/CRU 20;;-0,816;1,0;0,0;0,0;1,0;0,0;nacional
Mini Fabrica - 30;94157;NAPA TURIM PU 1.0+VELVET;;95701;CAMEL 1165/CREME 516;;-12,24;12,24;16,7;12,24;0,0;100,0;nacional
Mini Fabrica - 30;94157;NAPA TURIM PU 1.0+VELVET;;107770;OLIVE 1469/CREME 516;;-6,845;6,845;0,0;0,0;6,845;0,0;nacional
Mini Fabrica - 30;97488;PANO COURACA P/ REFORCO TX 007/B;;3;PRETO;;-39,001;39,001;0,0;0,0;39,001;0,0;nacional
Mini Fabrica - 30;183344;NAPA GARDA PU 1.0 (V P/V 24/25);;15745;PRETO 01;;-10,064;10,064;0,0;0,0;10,064;0,0;nacional
Mini Fabrica - 30;183344;NAPA GARDA PU 1.0 (V P/V 24/25);;35312;BRANCO OFF 526;;-5,763;5,763;0,0;0,0;5,763;0,0;nacional
Mini Fabrica - 30;183344;NAPA GARDA PU 1.0 (V P/V 24/25);;95373;CAMEL 1165;;-4,926;4,926;1,0;1,0;3,926;20,300446609825414;nacional
Mini Fabrica - 30;183344;NAPA GARDA PU 1.0 (V P/V 24/25);;107613;TERRACOTA 1477;;-0,427;1,0;67,0;1,0;0,0;100,0;nacional
Mini Fabrica - 30;183768;NAPA GARDA PU 1.0 + SARJA 7030/40 0.40;;95810;CAMEL 1165/CRU 20;;-0,606;1,0;0,0;0,0;1,0;0,0;nacional
Mini Fabrica - 30;183768;NAPA GARDA PU 1.0 + SARJA 7030/40 0.40;;105897;OSTRA 1431/CRU 20;;-0,422;1,0;0,0;0,0;1,0;0,0;nacional
Mini Fabrica - 30;183768;NAPA GARDA PU 1.0 + SARJA 7030/40 0.40;;107823;OLIVE 1469/CRU 20;;-1,56;1,56;0,0;0,0;1,56;0,0;nacional
Mini Fabrica - 30;184004;NAPA GARDA PU 1.0 (V P/V 24/25)+POLINYLON 11HML 2L+FORRO MILANO;;101878;CHOCOLATE 1271/PRETO 01/PRETO 01;;-0,892;1,0;0,0;0,0;1,0;0,0;nacional
Mini Fabrica - 30;184017;NAPA GARDA PU 1.0 (V P/V 24/25)+TECIDO VELVET;;106143;OSTRA 1431/CREME 516;;-4,786;4,786;30,0;4,786;0,0;100,0;nacional
Mini Fabrica - 30;192842;BRILHO ITALIA PU 0.9 (P/V 25/26)+BASE FLEX;;34788;DOURADO/BISCOITO;;-0,708;1,0;20,0;1,0;0,0;100,0;nacional
Mini Fabrica - 30;193246;NAPA TURIM CROCO MILAO PU 1.0 (B P/V 24/25)+SARJA 7030/50;;95810;CAMEL 1165/CRU 20;;-3,47;3,47;0,0;0,0;3,47;0,0;nacional
Mini Fabrica - 30;195432;NAPA LEZARD GRECIA PU 0.9 (B P/V 24/25);;95373;CAMEL 1165;;-10,89;10,89;35,0;10,89;0,0;100,0;nacional
Mini Fabrica - 30;195460;NAPA TRAME GRECIA PU 0.9 (B P/V 24/25)+BASE FLEX;;15787;PRETO 01/PRETO;;-2,553;2,553;20,2;2,553;0,0;100,0;nacional
Mini Fabrica - 30;197406;NAPA ONCA GRECIA PU 0.9 (B P/V 24/25)+VELVET;;96673;MULTI CAMEL 1165/PRETO;;-6,189;6,189;0,0;0,0;6,189;0,0;nacional
Mini Fabrica - 30;200353;NAPA TRESSE TORONTO PU 0.9 (B P/V 25/26);;35312;BRANCO OFF 526;;-7,666;7,666;0,0;0,0;7,666;0,0;nacional
Mini Fabrica - 30;200476;NAPA TRESSE TORONTO PU 0.9 (B P/V 25/26)+SARJA 7030/50;;95810;CAMEL 1165/CRU 20;;-3,209;3,209;0,0;0,0;3,209;0,0;nacional
Mini Fabrica - 34;25567;AVESSO VELUR;;3;PRETO;;-5,005;5,005;0,0;0,0;5,005;0,0;nacional
Mini Fabrica - 34;25567;AVESSO VELUR;;35313;CREME 516;;-2,657;2,657;0,0;0,0;2,657;0,0;nacional
Mini Fabrica - 34;70730;CAMURCAO PU 1.2 (M O/I 2016)+VELVET 0.50;;36126;BRANCO OFF 526/CREME 516;;-3,958;3,958;0,0;0,0;3,958;0,0;nacional
Mini Fabrica - 34;70892;TECIDO VELVET (M O/I 15) + MICROPONTO;;19161;BRANCO 15;;-128,983;128,983;0,0;0,0;128,983;0,0;nacional
Mini Fabrica - 34;81379;CACHAREL SPORT (MLK O/I 17)+ESP PU 1,5 D30+SP 40GR ANTI-MICROBIANO;;15745;PRETO 01;;-1,682;1,682;1160,1;1,682;0,0;100,0;nacional
Mini Fabrica - 34;81379;CACHAREL SPORT (MLK O/I 17)+ESP PU 1,5 D30+SP 40GR ANTI-MICROBIANO;;93237;MARINHO 1128;;-46,549;46,549;10,2;10,2;36,349000000000004;21,9123933919096;nacional
Mini Fabrica - 34;81554;NAPA FLOTER RUSTICO NEO 1.4(MLK O/I 17)+VELVET 0.50;;15787;PRETO 01/PRETO;;-0,602;1,0;0,0;0,0;1,0;0,0;nacional
Mini Fabrica - 34;97488;PANO COURACA P/ REFORCO TX 007/B;;1;BRANCO;;-18,933;18,933;81,0;18,933;0,0;100,0;nacional
Mini Fabrica - 34;122736;LYCRA FAVO (B P/V18/19)+ESP 1MM D20+DUPLA SPACER STR 220G;;1573;PRETO/PRETO/PRETO;;-107,326;107,326;0,0;0,0;107,326;0,0;nacional
Mini Fabrica - 34;122736;LYCRA FAVO (B P/V18/19)+ESP 1MM D20+DUPLA SPACER STR 220G;;104375;NUDE 1323/BRANCO/BRANC O;;-1,827;1,827;0,0;0,0;1,827;0,0;nacional
Mini Fabrica - 34;122736;LYCRA FAVO (B P/V18/19)+ESP 1MM D20+DUPLA SPACER STR 220G;;104841;CHUMBO 1321/PRETO/PRETO;;-1,362;1,362;0,0;0,0;1,362;0,0;nacional
Mini Fabrica - 34;144069;NYLON SLEEK(ACT O/I 2022)+COLA+ESPUMA 1,5MM D26+FORRO WAVE;;53728;ROSA 671/BRANCO 15/CREME 516;;-3,713;3,713;0,0;0,0;3,713;0,0;nacional
Mini Fabrica - 34;144137;FILME CATALUNA 0.3MM NEW(ACT O/I22);;15745;PRETO 01;;-2,109;2,109;25,0;2,109;0,0;100,0;nacional
Mini Fabrica - 34;144137;FILME CATALUNA 0.3MM NEW(ACT O/I22);;93244;BRANCO OFF 1132;;-0,395;1,0;0,0;0,0;1,0;0,0;nacional
Mini Fabrica - 34;151481;CACHAREL RUN (MLK)+ESP PU 1,5 D30+SP 40GR ANTI-MICROBIANO;;93484;BRANCO OFF 1132/BRANCO 15/BRANCO 15;;-53,118;53,118;5,0;5,0;48,118;9,413005007718663;nacional
Mini Fabrica - 34;151481;CACHAREL RUN (MLK)+ESP PU 1,5 D30+SP 40GR ANTI-MICROBIANO;;108772;CAMEL 778/BRANCO 15- BRANCO 15;;-0,843;1,0;0,0;0,0;1,0;0,0;nacional
Mini Fabrica - 34;151481;CACHAREL RUN (MLK)+ESP PU 1,5 D30+SP 40GR ANTI-MICROBIANO;;110122;CAMEL 1528/BRANCO 15- BRANCO 15;;-0,866;1,0;0,0;0,0;1,0;0,0;nacional
Mini Fabrica - 34;160340;TECIDO SUICA (MKO O/I 23)+ESPUMA PU 2MM D58C/AO+CACHAREL 120 GRAMAS;;16143;PRETO 01/PRETO 01/PRETO 01;;-23,154;23,154;0,0;0,0;23,154;0,0;nacional
Mini Fabrica - 34;163212;NYLON SMESH(ACT P/V 22/23);;15745;PRETO 01;;-179,883;179,883;0,0;0,0;179,883;0,0;nacional
Mini Fabrica - 34;166815;GASPEA LOC VANILA(ACT 0/I 24) L.4842.101;PAR;39218;PRETO 01- PRETO 01;2;-155,0;155,0;287,0;155,0;0,0;100,0;nacional
Mini Fabrica - 34;166815;GASPEA LOC VANILA(ACT 0/I 24) L.4842.101;PAR;98069;GRAFITE 1223-VIOLETA 1221;2;-140,0;140,0;287,0;140,0;0,0;100,0;nacional
Mini Fabrica - 34;166815;GASPEA LOC VANILA(ACT 0/I 24) L.4842.101;PAR;98069;GRAFITE 1223-VIOLETA 1221;3;-59,0;59,0;150,0;59,0;0,0;100,0;nacional
Mini Fabrica - 34;172305;GASPEA LOC BELGA(ACT 0/I 24) L.4914.220;PAR;15745;PRETO 01;2;-130,0;130,0;245,0;130,0;0,0;100,0;nacional
Mini Fabrica - 34;188721;TECIDO MARAGOGI(ACT 0/I 25)+ ESPUMA D23 2,5MM + TECIDO MEIA MALHA 100GR;;32908;PRETO 01/CINZA/PRETO 01;;-168,958;168,958;0,0;0,0;168,958;0,0;nacional
Mini Fabrica - 34;188721;TECIDO MARAGOGI(ACT 0/I 25)+ ESPUMA D23 2,5MM + TECIDO MEIA MALHA 100GR;;93368;MARINHO 1128/CINZA/PRETO 01;;-16,86;16,86;0,0;0,0;16,86;0,0;nacional
Mini Fabrica - 34;188721;TECIDO MARAGOGI(ACT 0/I 25)+ ESPUMA D23 2,5MM + TECIDO MEIA MALHA 100GR;;103332;CHUMBO 1321/CINZA/PRETO 01;;-40,478;40,478;0,0;0,0;40,478;0,0;nacional
Mini Fabrica - 34;192734;TECIDO XANGAI(ACT O/I 25)+SARJA 7030/50;;110130;CAMEL 1528/PRETO 01;;-1,858;1,858;0,0;0,0;1,858;0,0;nacional
Mini Fabrica - 34;192734;TECIDO XANGAI(ACT O/I 25)+SARJA 7030/50;;110144;ALFAZEMA 1497/CRU 20;;-1,393;1,393;19,0;1,393;0,0;100,0;nacional
Mini Fabrica - 34;193740;GASPEA+LINGUETA LOC SORELLE(ACT O/I 25)L.4858.101;PAR;106044;ROSA ANTIGO 1329-PINK 1332-CREME 1318;3;-155,0;155,0;390,0;155,0;0,0;100,0;nacional
Mini Fabrica - 34;193740;GASPEA+LINGUETA LOC SORELLE(ACT O/I 25)L.4858.101;PAR;106045;BRANCO 99- ROSA ANTIGO 1329- CINZA CLARO 1322;2;-209,0;209,0;209,0;209,0;0,0;100,0;nacional
Mini Fabrica - 34;194041;TECIDO ADTERM CH 120 C CB CONFORFLEX T7 2213 300;;15745;PRETO 01;;-41,696;41,696;255,0;41,696;0,0;100,0;nacional
Mini Fabrica - 34;194041;TECIDO ADTERM CH 120 C CB CONFORFLEX T7 2213 300;;16072;BRANCO 99;;-4,267;4,267;0,0;0,0;4,267;0,0;nacional
Mini Fabrica - 34;194979;NYLON MOREIA (ACT 0/I 25)+ ESPUMA D23 2,5MM + TECIDO MEIA MALHA 100GR;;32908;PRETO 01/CINZA/PRETO 01;;-4,404;4,404;0,0;0,0;4,404;0,0;nacional
Mini Fabrica - 34;202067;TECIDO SUBLIME 160GR+ ESP D26 3MM+ JERSEY;;16143;PRETO 01/PRETO 01/PRETO 01;;-622,801;622,801;0,0;0,0;622,801;0,0;nacional
Mini Fabrica - 34;202067;TECIDO SUBLIME 160GR+ ESP D26 3MM+ JERSEY;;93484;BRANCO OFF 1132/BRANCO 15/BRANCO 15;;-157,559;157,559;0,0;0,0;157,559;0,0;nacional
Mini Fabrica - 34;202067;TECIDO SUBLIME 160GR+ ESP D26 3MM+ JERSEY;;109367;CAMEL 778/BRANCO 15/BRANCO 15;;-442,278;442,278;0,0;0,0;442,278;0,0;nacional
Mini Fabrica - 38;25567;AVESSO VELUR;;3;PRETO;;-13,411;13,411;0,0;0,0;13,411;0,0;nacional
Mini Fabrica - 38;25567;AVESSO VELUR;;23041;CARAMELO 310;;-10,995;10,995;0,0;0,0;10,995;0,0;nacional
Mini Fabrica - 38;56577;FORRO MILANO PU 0.7(B O/I 2014);;50;NATURAL;;-2,232;2,232;0,0;0,0;2,232;0,0;nacional
Mini Fabrica - 38;58623;FORRO MILANO PU 0.7(B O/I 2014)+FILME TPU SC 50;;15745;PRETO 01;;-10,77;10,77;44,0;10,77;0,0;100,0;nacional
Mini Fabrica - 38;58623;FORRO MILANO PU 0.7(B O/I 2014)+FILME TPU SC 50;;29452;BEGE 435;;-25,594;25,594;25,0;25,0;0,5940000000000012;97,67914354926936;nacional
Mini Fabrica - 38;67244;NAPA TURIM PU 1.0 (B P/V 15/16);;107610;OLIVE 1469;;-0,479;1,0;30,0;1,0;0,0;100,0;nacional
Mini Fabrica - 38;108850;NAPA PELE STRECH PU 1.0 (MD O/I 2019);;15745;PRETO 01;;-13,344;13,344;0,0;0,0;13,344;0,0;nacional
Mini Fabrica - 38;149266;CAMURCA STRECH DUO ( V 22/23)- IMPORTADO;;15745;PRETO 01;;-457,627;457,627;593,0;457,627;0,0;100,0;nacional
Mini Fabrica - 38;149266;CAMURCA STRECH DUO ( V 22/23)- IMPORTADO;;107509;CAMEL 1470;;-210,521;210,521;0,0;0,0;210,521;0,0;nacional
Mini Fabrica - 38;149602;CAMURCA STRECH DUO + VELVET (MD O/I /23);;15787;PRETO 01/PRETO;;-34,465;34,465;42,7;34,465;0,0;100,0;nacional
Mini Fabrica - 38;183344;NAPA GARDA PU 1.0 (V P/V 24/25);;35312;BRANCO OFF;;-0,277;1,0;0,0;0,0;1,0;0,0;nacional
Mini Fabrica - 38;183344;NAPA GARDA PU 1.0 (V P/V 24/25);;95373;CAMEL 1165;;-5,72;5,72;1,0;1,0;4,72;17,482517482517483;nacional
Mini Fabrica - 38;183344;NAPA GARDA PU 1.0 (V P/V 24/25);;101321;CHOCOLATE 1271;;-10,024;10,024;0,0;0,0;10,024;0,0;nacional
Mini Fabrica - 38;183344;NAPA GARDA PU 1.0 (V P/V 24/25);;107610;OLIVE 1469;;-3,981;3,981;50,0;3,981;0,0;100,0;nacional
Mini Fabrica - 38;183768;NAPA GARDA PU 1.0 + SARJA 7030/40 0.40;;105897;OSTRA 1431/CRU 20;;-3,69;3,69;0,0;0,0;3,69;0,0;nacional
Mini Fabrica - 40;23124;TERMOPONTO P345/11 - 120;;3;PRETO;;-7,586;7,586;117,0;7,586;0,0;100,0;nacional
Mini Fabrica - 40;25567;AVESSO VELUR;;3;PRETO;;-0,172;1,0;0,0;0,0;1,0;0,0;nacional
Mini Fabrica - 40;56577;FORRO MILANO PU 0.7(B O/I 2014);;50;NATURAL;;-5,603;5,603;0,0;0,0;5,603;0,0;nacional
Mini Fabrica - 40;56577;FORRO MILANO PU 0.7(B O/I 2014);;35312;BRANCO OFF 526;;-5,77;5,77;26,0;5,77;0,0;100,0;nacional
Mini Fabrica - 40;56577;FORRO MILANO PU 0.7(B O/I 2014);;95373;CAMEL 1165;;-16,324;16,324;93,0;16,324;0,0;100,0;nacional
Mini Fabrica - 40;56577;FORRO MILANO PU 0.7(B O/I 2014);;101321;CHOCOLATE 1271;;-12,756;12,756;50,0;12,756;0,0;100,0;nacional
Mini Fabrica - 40;56577;FORRO MILANO PU 0.7(B O/I 2014);;107610;OLIVE 1469;;-0,859;1,0;46,0;1,0;0,0;100,0;nacional
Mini Fabrica - 40;73034;NAPA TURIM PU 1.0 (B P/V 15/16)+BASE FLEX 1.0;;101646;CHOCOLATE 1271/PRETO;;-14,643;14,643;125,9;14,643;0,0;100,0;nacional
Mini Fabrica - 40;76853;METAL GLAMOUR PU 0.9 (V P/V 16/17);;41;PRATA;;-4,296;4,296;0,0;0,0;4,296;0,0;nacional
Mini Fabrica - 40;82290;GLITER MINI SHINE(M/MK O/I 17);;41;PRATA;;-4,66;4,66;0,0;0,0;4,66;0,0;nacional
Mini Fabrica - 40;82290;GLITER MINI SHINE(M/MK O/I 17);;66;DOURADO;;-0,824;1,0;0,0;0,0;1,0;0,0;nacional
Mini Fabrica - 40;82290;GLITER MINI SHINE(M/MK O/I 17);;23146;OURO ROSADO;;-22,689;22,689;0,0;0,0;22,689;0,0;nacional
Mini Fabrica - 40;94157;NAPA TURIM PU 1.0+VELVET;;15787;PRETO 01/PRETO;;-49,185;49,185;84,0;49,185;0,0;100,0;nacional
Mini Fabrica - 40;108850;NAPA PELE STRECH PU 1.0 (MD O/I 2019);;83517;CREME 985;;-0,299;1,0;0,0;0,0;1,0;0,0;nacional
Mini Fabrica - 40;168873;NAPA CALF PU 0.9 ( P/V 24/25);;15745;PRETO 01;;-13,952;13,952;0,0;0,0;13,952;0,0;nacional
Mini Fabrica - 40;168873;NAPA CALF PU 0.9 ( P/V 24/25);;35312;BRANCO OFF 526;;-13,888;13,888;0,0;0,0;13,888;0,0;nacional
Mini Fabrica - 40;183344;NAPA GARDA PU 1.0 (V P/V 24/25);;35312;BRANCO OFF 526;;-41,389;41,389;0,0;0,0;41,389;0,0;nacional
Mini Fabrica - 40;183344;NAPA GARDA PU 1.0 (V P/V 24/25);;107610;OLIVE 1469;;-12,564;12,564;50,0;12,564;0,0;100,0;nacional
Mini Fabrica - 40;183344;NAPA GARDA PU 1.0 (V P/V 24/25);;107613;TERRACOTA 1477;;-3,493;3,493;67,0;3,493;0,0;100,0;nacional
Mini Fabrica - 40;184004;NAPA GARDA PU 1.0 (V P/V 24/25)+POLINYLON 11HML 2L+FORRO MILANO;;40278;BRANCO OFF 526/BRANCO 15/NATURAL;;-0,844;1,0;0,0;0,0;1,0;0,0;nacional
Mini Fabrica - 40;184017;NAPA GARDA PU 1.0 (V P/V 24/25)+TECIDO VELVET;;15758;PRETO 01/PRETO 01;;-1,921;1,921;31,0;1,921;0,0;100,0;nacional
Mini Fabrica - 40;184017;NAPA GARDA PU 1.0 (V P/V 24/25)+TECIDO VELVET;;101646;CHOCOLATE 1271/PRETO;;-3,77;3,77;29,0;3,77;0,0;100,0;nacional
Mini Fabrica - 40;184017;NAPA GARDA PU 1.0 (V P/V 24/25)+TECIDO VELVET;;107769;TERRACOTA 1477/CREME 516;;-22,662;22,662;0,0;0,0;22,662;0,0;nacional
Mini Fabrica - 40;184017;NAPA GARDA PU 1.0 (V P/V 24/25)+TECIDO VELVET;;107770;OLIVE 1469/CREME 516;;-0,487;1,0;0,0;0,0;1,0;0,0;nacional
Mini Fabrica - 40;192801;BRILHO ITALIA PU 0.9 (P/V 25/26);;66;DOURADO;;-30,558;30,558;0,0;0,0;30,558;0,0;nacional
Mini Fabrica - 40;192801;BRILHO ITALIA PU 0.9 (P/V 25/26);;23146;OURO ROSADO;;-19,66;19,66;0,0;0,0;19,66;0,0;nacional
Mini Fabrica - 40;192842;BRILHO ITALIA PU 0.9 (P/V 25/26)+BASE FLEX;;34788;DOURADO/BISCOITO;;-0,113;1,0;20,0;1,0;0,0;100,0;nacional
Mini Fabrica - 40;196770;NAPA ONCA GRECIA PU 0.9 (B P/V 24/25);;96942;MULTI CAMEL 1165;;-0,648;1,0;42,0;1,0;0,0;100,0;nacional
Mini Fabrica - 43;56577;FORRO MILANO PU 0.7(B O/I 2014);;95373;CAMEL 1165;;-1,875;1,875;93,0;1,875;0,0;100,0;nacional
Mini Fabrica - 43;58702;FORRO CACHAREL CONFORT(MD O/I 2014)+ESP.PU2,5 D30+SPO40GR ANTI- MICROBI;;15745;PRETO 01;;-19,502;19,502;37,9;19,502;0,0;100,0;nacional
Mini Fabrica - 43;67244;NAPA TURIM PU 1.0 (B P/V 15/16);;15745;PRETO 01;;-7,331;7,331;0,0;0,0;7,331;0,0;nacional
Mini Fabrica - 43;67244;NAPA TURIM PU 1.0 (B P/V 15/16);;107610;OLIVE 1469;;-2,222;2,222;30,0;2,222;0,0;100,0;nacional
Mini Fabrica - 43;73034;NAPA TURIM PU 1.0 (B P/V 15/16)+BASE FLEX 1.0;;105719;OSTRA 1431/BISCOITO;;-4,539;4,539;21,3;4,539;0,0;100,0;nacional
Mini Fabrica - 43;74934;NAPA TURIM PU 1.0 + POLINYLON 11HM 2 L+FORRO MILANO PU 0.7;;101878;CHOCOLATE 1271/PRETO 01/PRETO 01;;-9,99;9,99;19,0;9,99;0,0;100,0;nacional
Mini Fabrica - 43;94157;NAPA TURIM PU 1.0+VELVET;;95701;CAMEL 1165/CREME 516;;-6,313;6,313;16,7;6,313;0,0;100,0;nacional
Mini Fabrica - 43;94157;NAPA TURIM PU 1.0+VELVET;;107770;OLIVE 1469/CREME 516;;-5,66;5,66;0,0;0,0;5,66;0,0;nacional
Mini Fabrica - 43;119686;NAPA PELE STRECH PU 1.0+ESPUMA 3,5MM D26+SARJA 7030/40;;25405;PRETO 01/BRANCO 15/PRETO 01;;-87,601;87,601;0,0;0,0;87,601;0,0;nacional
Mini Fabrica - 43;119686;NAPA PELE STRECH PU 1.0+ESPUMA 3,5MM D26+SARJA 7030/40;;107951;AVELA 1248/BRANCO 15/CRU 20;;-37,428;37,428;0,0;0,0;37,428;0,0;nacional
Mini Fabrica - 43;128939;NAPA FLOATHER NATURE PU 1.0 (MD P/V 20/21) + SARJA 7030/40;;100769;AVELA 1248/CRU 20;;-6,649;6,649;84,0;6,649;0,0;100,0;nacional
Mini Fabrica - 43;174077;NAPA SUPREMA PU 0.9 (MD O/I 25)+ESPUMA 3,5MM D26+SPON 20;;25405;PRETO 01/BRANCO 15/PRETO 01;;-20,589;20,589;0,0;0,0;20,589;0,0;nacional
Mini Fabrica - 43;174077;NAPA SUPREMA PU 0.9 (MD O/I 25)+ESPUMA 3,5MM D26+SPON 20;;101049;AVELA;;-2,781;2,781;0,0;0,0;2,781;0,0;nacional
Mini Fabrica - 43;174077;NAPA SUPREMA PU 0.9 (MD O/I 25)+ESPUMA 3,5MM D26+SPON 20;;103562;CHERRY 1335/BRANCO 15/BRANCO 15;;-10,524;10,524;0,0;0,0;10,524;0,0;nacional
Mini Fabrica - 43;183344;NAPA GARDA PU 1.0 (V P/V 24/25);;15745;PRETO 01;;-12,151;12,151;0,0;0,0;12,151;0,0;nacional
Mini Fabrica - 43;183344;NAPA GARDA PU 1.0 (V P/V 24/25);;35312;BRANCO OFF 526;;-6,478;6,478;0,0;0,0;6,478;0,0;nacional
Mini Fabrica - 43;183344;NAPA GARDA PU 1.0 (V P/V 24/25);;95373;CAMEL 1165;;-12,278;12,278;1,0;1,0;11,278;8,14464896562958;nacional
Mini Fabrica - 43;183344;NAPA GARDA PU 1.0 (V P/V 24/25);;103102;CHERRY 1335;;-0,72;1,0;104,0;1,0;0,0;100,0;nacional
Mini Fabrica - 43;183344;NAPA GARDA PU 1.0 (V P/V 24/25);;107610;OLIVE 1469;;-0,79;1,0;50,0;1,0;0,0;100,0;nacional
Mini Fabrica - 43;184004;NAPA GARDA PU 1.0 (V P/V 24/25)+POLINYLON 11HML 2L+FORRO MILANO;;16143;PRETO 01/PRETO 01/PRETO 01;;-15,398;15,398;0,0;0,0;15,398;0,0;nacional
Mini Fabrica - 43;184004;NAPA GARDA PU 1.0 (V P/V 24/25)+POLINYLON 11HML 2L+FORRO MILANO;;40278;BRANCO OFF 526/BRANCO 15/NATURAL;;-39,518;39,518;0,0;0,0;39,518;0,0;nacional
Mini Fabrica - 43;184004;NAPA GARDA PU 1.0 (V P/V 24/25)+POLINYLON 11HML 2L+FORRO MILANO;;96674;CAMEL 1165/BRANCO 15/NATURAL;;-3,07;3,07;0,0;0,0;3,07;0,0;nacional
Mini Fabrica - 43;184004;NAPA GARDA PU 1.0 (V P/V 24/25)+POLINYLON 11HML 2L+FORRO MILANO;;101878;CHOCOLATE 1271/PRETO 01/PRETO 01;;-9,397;9,397;0,0;0,0;9,397;0,0;nacional
Mini Fabrica - 43;187654;NAPA GARDA PU 1.0 (V P/V 24/25)+BASE FLEX;;103122;CHERRY 1335/BISCOITO;;-0,689;1,0;0,0;0,0;1,0;0,0;nacional
Mini Fabrica - 43;192017;CAMURCAO LONDON PU 1.2(M O/I 2016)+TECIDO VELVET;;101724;CACAU 1277/PRETO;;-3,527;3,527;0,0;0,0;3,527;0,0;nacional
Mini Fabrica - 43;192017;CAMURCAO LONDON PU 1.2(M O/I 2016)+TECIDO VELVET;;107133;CARAMELO 1450/CREME 516;;-74,962;74,962;0,0;0,0;74,962;0,0;nacional
Mini Fabrica - 43;192801;BRILHO ITALIA PU 0.9 (P/V 25/26);;66;DOURADO;;-10,592;10,592;0,0;0,0;10,592;0,0;nacional
Mini Fabrica - 43;192801;BRILHO ITALIA PU 0.9 (P/V 25/26);;104337;BRONZE 1402;;-4,923;4,923;62,0;4,923;0,0;100,0;nacional
Mini Fabrica - 43;196639;NAPA VELUNA 0.9 (MD O/I 26) - IMPORTADO+ SARJA 7030/40;;15758;PRETO 01/PRETO 01;;-0,793;1,0;0,0;0,0;1,0;0,0;nacional
Mini Fabrica - 43;197280;CAMURCAO LONDON PU 1.2 (V O/I 25) -IMPORTADO.;;101439;CACAU 1277;;-8,541;8,541;0,0;0,0;8,541;0,0;nacional
Mini Fabrica - 50;47527;FORRO FIORI (V P/V 12/13);;26926;CAMEL 408;;-29,134;29,134;0,0;0,0;29,134;0,0;nacional
Mini Fabrica - 50;56427;PELICA PU 1.0 (V O/I 2014);;15745;PRETO 01;;-26,899;26,899;0,0;0,0;26,899;0,0;nacional
Mini Fabrica - 50;56427;PELICA PU 1.0 (V O/I 2014);;29452;BEGE 435;;-0,104;1,0;0,0;0,0;1,0;0,0;nacional
Mini Fabrica - 50;56427;PELICA PU 1.0 (V O/I 2014);;83508;CAFE 987;;-14,39;14,39;40,0;14,39;0,0;100,0;nacional
Mini Fabrica - 50;56577;FORRO MILANO PU 0.7(B O/I 2014);;50;NATURAL;;-4,556;4,556;0,0;0,0;4,556;0,0;nacional
Mini Fabrica - 50;56577;FORRO MILANO PU 0.7(B O/I 2014);;29452;BEGE 435;;-48,73;48,73;0,0;0,0;48,73;0,0;nacional
Mini Fabrica - 50;56577;FORRO MILANO PU 0.7(B O/I 2014);;35312;BRANCO OFF 526;;-12,776;12,776;26,0;12,776;0,0;100,0;nacional
Mini Fabrica - 50;56577;FORRO MILANO PU 0.7(B O/I 2014);;72374;CAFE 856;;-1,092;1,092;134,0;1,092;0,0;100,0;nacional
Mini Fabrica - 50;56577;FORRO MILANO PU 0.7(B O/I 2014);;83508;CAFE 987;;-3,151;3,151;16,0;3,151;0,0;100,0;nacional
Mini Fabrica - 50;56577;FORRO MILANO PU 0.7(B O/I 2014);;95373;CAMEL 1165;;-27,529;27,529;93,0;27,529;0,0;100,0;nacional
Mini Fabrica - 50;56577;FORRO MILANO PU 0.7(B O/I 2014);;101321;CHOCOLATE 1271;;-14,356;14,356;50,0;14,356;0,0;100,0;nacional
Mini Fabrica - 50;67244;NAPA TURIM PU 1.0 (B P/V 15/16);;29452;BEGE 435;;-9,643;9,643;25,0;9,643;0,0;100,0;nacional
Mini Fabrica - 50;67244;NAPA TURIM PU 1.0 (B P/V 15/16);;83508;CAFE 987;;-0,01;1,0;19,0;1,0;0,0;100,0;nacional
Mini Fabrica - 50;67244;NAPA TURIM PU 1.0 (B P/V 15/16);;89673;TAN 1080;;-3,402;3,402;65,0;3,402;0,0;100,0;nacional
Mini Fabrica - 50;67244;NAPA TURIM PU 1.0 (B P/V 15/16);;100983;VERDE LUNA 1256;;-0,563;1,0;0,0;0,0;1,0;0,0;nacional
Mini Fabrica - 50;67244;NAPA TURIM PU 1.0 (B P/V 15/16);;107610;OLIVE 1469;;-19,901;19,901;30,0;19,901;0,0;100,0;nacional
Mini Fabrica - 50;83125;VERNIZ GLAM PU 1.0 (M O/I 2017);;15745;PRETO 01;;-25,657;25,657;0,0;0,0;25,657;0,0;nacional
Mini Fabrica - 50;108850;NAPA PELE STRECH PU 1.0 (MD O/I 2019);;52531;NUDE 658;;-2,987;2,987;37,5;2,987;0,0;100,0;nacional
Mini Fabrica - 50;108850;NAPA PELE STRECH PU 1.0 (MD O/I 2019);;89673;TAN 1080;;-4,784;4,784;60,0;4,784;0,0;100,0;nacional
Mini Fabrica - 50;128938;NAPA FLOATHER NATURE PU 1.0 (MD P/V 20/21);;15745;PRETO 01;;-141,734;141,734;0,0;0,0;141,734;0,0;nacional
Mini Fabrica - 50;128938;NAPA FLOATHER NATURE PU 1.0 (MD P/V 20/21);;35312;BRANCO OFF 526;;-131,795;131,795;24,0;24,0;107,79499999999999;18,21009901741341;nacional
Mini Fabrica - 50;128938;NAPA FLOATHER NATURE PU 1.0 (MD P/V 20/21);;83517;CREME 985;;-27,149;27,149;0,0;0,0;27,149;0,0;nacional
Mini Fabrica - 50;128938;NAPA FLOATHER NATURE PU 1.0 (MD P/V 20/21);;100196;AVELA 1248;;-9,967;9,967;0,0;0,0;9,967;0,0;nacional
Mini Fabrica - 50;135523;NAPA GENEBRA PU 1.2 (B O/I 2020) - IMPORTADO;;15745;PRETO 01;;-7,07;7,07;120,0;7,07;0,0;100,0;nacional
Mini Fabrica - 50;143717;METALIZADO LONDON PU 0.9;;66;DOURADO;;-2,279;2,279;20,8;2,279;0,0;100,0;nacional
Mini Fabrica - 50;168873;NAPA CALF PU 0.9 ( P/V 24/25);;15745;PRETO 01;;-82,304;82,304;0,0;0,0;82,304;0,0;nacional
Mini Fabrica - 50;168873;NAPA CALF PU 0.9 ( P/V 24/25);;35312;BRANCO OFF 526;;-111,414;111,414;0,0;0,0;111,414;0,0;nacional
Mini Fabrica - 50;168873;NAPA CALF PU 0.9 ( P/V 24/25);;95373;CAMEL 1165;;-34,613;34,613;40,0;34,613;0,0;100,0;nacional
Mini Fabrica - 50;168873;NAPA CALF PU 0.9 ( P/V 24/25);;101321;CHOCOLATE 1271;;-28,41;28,41;28,0;28,0;0,41000000000000014;98,55684618092221;nacional
Mini Fabrica - 50;168873;NAPA CALF PU 0.9 ( P/V 24/25);;102051;AREIA 1286;;-19,017;19,017;0,0;0,0;19,017;0,0;nacional
Mini Fabrica - 50;168873;NAPA CALF PU 0.9 ( P/V 24/25);;107610;OLIVE 1469;;-25,656;25,656;10,0;10,0;15,655999999999999;38,97723729342065;nacional
Mini Fabrica - 50;168873;NAPA CALF PU 0.9 ( P/V 24/25);;107613;TERRACOTA 1477;;-28,485;28,485;160,0;28,485;0,0;100,0;nacional
Mini Fabrica - 50;183344;NAPA GARDA PU 1.0 (V P/V 24/25);;15745;PRETO 01;;-4,791;4,791;0,0;0,0;4,791;0,0;nacional
Mini Fabrica - 50;183344;NAPA GARDA PU 1.0 (V P/V 24/25);;35312;BRANCO OFF 526;;-119,233;119,233;0,0;0,0;119,233;0,0;nacional
Mini Fabrica - 50;183344;NAPA GARDA PU 1.0 (V P/V 24/25);;95373;CAMEL 1165;;-12,615;12,615;1,0;1,0;11,615;7,927070947284978;nacional
Mini Fabrica - 50;183344;NAPA GARDA PU 1.0 (V P/V 24/25);;101321;CHOCOLATE 1271;;-98,151;98,151;0,0;0,0;98,151;0,0;nacional
Mini Fabrica - 50;183344;NAPA GARDA PU 1.0 (V P/V 24/25);;103102;CHERRY 1335;;-1,334;1,334;104,0;1,334;0,0;100,0;nacional
Mini Fabrica - 50;183344;NAPA GARDA PU 1.0 (V P/V 24/25);;105704;OSTRA 1431;;-14,502;14,502;0,0;0,0;14,502;0,0;nacional
Mini Fabrica - 50;183344;NAPA GARDA PU 1.0 (V P/V 24/25);;107611;SOLARE 1468;;-3,237;3,237;51,0;3,237;0,0;100,0;nacional
Mini Fabrica - 50;186388;NAPA FLOATHER VENEZIA PU 0.9 (MD O/I 25);;15745;PRETO 01;;-0,97;1,0;0,0;0,0;1,0;0,0;nacional
Mini Fabrica - 50;186388;NAPA FLOATHER VENEZIA PU 0.9 (MD O/I 25);;104177;ROSA 1400;;-0,878;1,0;36,0;1,0;0,0;100,0;nacional
Mini Fabrica - 50;192801;BRILHO ITALIA PU 0.9 (P/V 25/26);;23146;OURO ROSADO;;-24,331;24,331;0,0;0,0;24,331;0,0;nacional
Mini Fabrica - 50;192801;BRILHO ITALIA PU 0.9 (P/V 25/26);;104337;BRONZE 1402;;-15,655;15,655;62,0;15,655;0,0;100,0;nacional
Mini Fabrica - 50;195432;NAPA LEZARD GRECIA PU 0.9 (B P/V 24/25);;15745;PRETO 01;;-22,45;22,45;0,0;0,0;22,45;0,0;nacional
Mini Fabrica - 50;195432;NAPA LEZARD GRECIA PU 0.9 (B P/V 24/25);;95373;CAMEL 1165;;-4,075;4,075;35,0;4,075;0,0;100,0;nacional
Mini Fabrica - 50;195876;NAPA TRESSE BERLIM PU 1.2 (MD O/I 26);;100196;AVELA 1248;;-8,544;8,544;0,0;0,0;8,544;0,0;nacional
Mini Fabrica - 50;196770;NAPA ONCA GRECIA PU 0.9 (B P/V 24/25);;96942;MULTI CAMEL 1165;;-5,636;5,636;42,0;5,636;0,0;100,0;nacional
Mini Fabrica - 50;197082;NAPA LEZARD EVORA PU 1.0 (MD O/I 26);;35312;BRANCO OFF 526;;-5,16;5,16;0,0;0,0;5,16;0,0;nacional
Mini Fabrica - 68;44187;CACHAREL SOFT(B P/V 11/12)+ESP PU 1,5 D30+SPONL 40GR ANTI-MICROBIANO;;35313;CREME 516;;-2,95;2,95;294,0;2,95;0,0;100,0;nacional
Mini Fabrica - 68;58623;FORRO MILANO PU 0.7(B O/I 2014)+FILME TPU SC 50;;29452;BEGE 435;;-0,12;1,0;25,0;1,0;0,0;100,0;nacional
Mini Fabrica - 68;135523;NAPA GENEBRA PU 1.2 (B O/I 2020) - IMPORTADO;;15745;PRETO 01;;-38,6;38,6;120,0;38,6;0,0;100,0;nacional
Mini Fabrica - 68;135523;NAPA GENEBRA PU 1.2 (B O/I 2020) - IMPORTADO;;106992;BURGUNDY 1454;;-2,8;2,8;0,0;0,0;2,8;0,0;nacional
Mini Fabrica - 68;166846;PECA TRAS+VISTA+IMPRESSAO ACTVITTA(FILME AUSTRALIA)L.4842.101;PAR;98071;BRANCO 99/PEACH 1216- VIOLETA 1221- BRANCO 99;2;-61,0;61,0;0,0;0,0;61,0;0,0;nacional
Mini Fabrica - 68;172315;PECA TRAS EXT+ETIQ IMPRESSAO ACTVITTA(NP FLOT RUST)L.4914.220;PAR;100093;PRETO 01/GRAFITE 989- CINZA 1240;1;-79,0;79,0;0,0;0,0;79,0;0,0;nacional
Mini Fabrica - 68;172897;NAPA GENEBRA PU 1.2+TECIDO LECCE;;15758;PRETO 01/PRETO 01;;-105,654;105,654;0,0;0,0;105,654;0,0;nacional
Mini Fabrica - 68;172897;NAPA GENEBRA PU 1.2+TECIDO LECCE;;107428;BURGUNDY 1454/PRETO 01;;-6,76;6,76;12,4;6,76;0,0;100,0;nacional
Mini Fabrica - 68;186850;PECA DET+IMPRESSAO ACTVITTA(FILME AUSTRALIA)L.4853.100(ACT 0/I 25);PAR;104249;COBALTO 1319/ROSA 1236;2;-20,0;20,0;0,0;0,0;20,0;0,0;nacional
Mini Fabrica - 68;186850;PECA DET+IMPRESSAO ACTVITTA(FILME AUSTRALIA)L.4853.100(ACT 0/I 25);PAR;104694;PRETO 01/PRATA 1320;2;-319,0;319,0;0,0;0,0;319,0;0,0;nacional
Mini Fabrica - 68;186850;PECA DET+IMPRESSAO ACTVITTA(FILME AUSTRALIA)L.4853.100(ACT 0/I 25);PAR;104694;PRETO 01/PRATA 1320;3;-295,0;295,0;0,0;0,0;295,0;0,0;nacional
Mini Fabrica - 68;186850;PECA DET+IMPRESSAO ACTVITTA(FILME AUSTRALIA)L.4853.100(ACT 0/I 25);PAR;107716;CHUMBO 1321/ROSA ANTIGO 1329;2;-33,0;33,0;0,0;0,0;33,0;0,0;nacional
Mini Fabrica - 68;186850;PECA DET+IMPRESSAO ACTVITTA(FILME AUSTRALIA)L.4853.100(ACT 0/I 25);PAR;107716;CHUMBO 1321/ROSA ANTIGO 1329;3;-59,0;59,0;0,0;0,0;59,0;0,0;nacional
Mini Fabrica - 68;186850;PECA DET+IMPRESSAO ACTVITTA(FILME AUSTRALIA)L.4853.100(ACT 0/I 25);PAR;107716;CHUMBO 1321/ROSA ANTIGO 1329;4;-30,0;30,0;0,0;0,0;30,0;0,0;nacional
Mini Fabrica - 68;186850;PECA DET+IMPRESSAO ACTVITTA(FILME AUSTRALIA)L.4853.100(ACT 0/I 25);PAR;109942;HIBISCO 1496/BRANCO 99;1;-6,0;6,0;0,0;0,0;6,0;0,0;nacional
Mini Fabrica - 68;186850;PECA DET+IMPRESSAO ACTVITTA(FILME AUSTRALIA)L.4853.100(ACT 0/I 25);PAR;109942;HIBISCO 1496/BRANCO 99;2;-12,0;12,0;0,0;0,0;12,0;0,0;nacional
Mini Fabrica - 68;186850;PECA DET+IMPRESSAO ACTVITTA(FILME AUSTRALIA)L.4853.100(ACT 0/I 25);PAR;109942;HIBISCO 1496/BRANCO 99;3;-13,0;13,0;0,0;0,0;13,0;0,0;nacional
Mini Fabrica - 68;186850;PECA DET+IMPRESSAO ACTVITTA(FILME AUSTRALIA)L.4853.100(ACT 0/I 25);PAR;109942;HIBISCO 1496/BRANCO 99;4;-5,0;5,0;0,0;0,0;5,0;0,0;nacional
Mini Fabrica - 68;187144;PECA VISTA+LOGO+IMPRESSAO ACTVITTA(FILME AUSTRALIA)L.4853.103;PAR;109083;ALFAZEMA 1497/COBALTO 1319- VERDE AGUA 752;1;-3,0;3,0;0,0;0,0;3,0;0,0;nacional
Mini Fabrica - 68;187144;PECA VISTA+LOGO+IMPRESSAO ACTVITTA(FILME AUSTRALIA)L.4853.103;PAR;109083;ALFAZEMA 1497/COBALTO 1319- VERDE AGUA 752;2;-6,0;6,0;0,0;0,0;6,0;0,0;nacional
Mini Fabrica - 68;187144;PECA VISTA+LOGO+IMPRESSAO ACTVITTA(FILME AUSTRALIA)L.4853.103;PAR;109083;ALFAZEMA 1497/COBALTO 1319- VERDE AGUA 752;3;-3,0;3,0;0,0;0,0;3,0;0,0;nacional
Mini Fabrica - 68;187144;PECA VISTA+LOGO+IMPRESSAO ACTVITTA(FILME AUSTRALIA)L.4853.103;PAR;110141;CAMEL 1528/BRANCO OFF 1132-BRANCO OFF 1132;1;-3,0;3,0;0,0;0,0;3,0;0,0;nacional
Mini Fabrica - 68;187144;PECA VISTA+LOGO+IMPRESSAO ACTVITTA(FILME AUSTRALIA)L.4853.103;PAR;110141;CAMEL 1528/BRANCO OFF 1132-BRANCO OFF 1132;2;-6,0;6,0;0,0;0,0;6,0;0,0;nacional
Mini Fabrica - 68;187144;PECA VISTA+LOGO+IMPRESSAO ACTVITTA(FILME AUSTRALIA)L.4853.103;PAR;110141;CAMEL 1528/BRANCO OFF 1132-BRANCO OFF 1132;3;-6,0;6,0;0,0;0,0;6,0;0,0;nacional
Mini Fabrica - 68;187144;PECA VISTA+LOGO+IMPRESSAO ACTVITTA(FILME AUSTRALIA)L.4853.103;PAR;110141;CAMEL 1528/BRANCO OFF 1132-BRANCO OFF 1132;4;-1,0;1,0;0,0;0,0;1,0;0,0;nacional
Mini Fabrica - 68;190730;PECA VISTA LAT EXT IMPRESSAO ACTVITTA(NP FLOT RUST NEO+TACK)L.4829.527;PAR;104701;COBALTO 1319/TURQUESA 1315- VIOLETA 1221;1;-16,0;16,0;0,0;0,0;16,0;0,0;nacional
Mini Fabrica - 68;192017;CAMURCAO LONDON PU 1.2(M O/I;;107133;CARAMELO;;-2,416;2,416;0,0;0,0;2,416;0,0;nacional
Mini Fabrica - 68;196366;PECA VISTA+LAT.+ET. IMPRESSAO ACTVITTA (PVC AUSTRALIA)L.4829.331;PAR;107483;PRETO 01/VIOLETA 1221- TURQUESA 1315;1;-16,0;16,0;0,0;0,0;16,0;0,0;nacional
Mini Fabrica - 68;196366;PECA VISTA+LAT.+ET. IMPRESSAO ACTVITTA (PVC AUSTRALIA)L.4829.331;PAR;107483;PRETO 01/VIOLETA 1221- TURQUESA 1315;3;-10,0;10,0;0,0;0,0;10,0;0,0;nacional
Mini Fabrica - 68;196814;NAPA BERLIM CROCO MILAO PU 1.2 (B O/I 2026)+TECIDO LECCE;;15758;PRETO 01/PRETO 01;;-13,52;13,52;25,0;13,52;0,0;100,0;nacional
Mini Fabrica - 68;196814;NAPA BERLIM CROCO MILAO PU 1.2 (B O/I 2026)+TECIDO LECCE;;84081;CAFE 987/PRETO 01;;-3,52;3,52;0,0;0,0;3,52;0,0;nacional
Mini Fabrica - 68;197280;CAMURCAO LONDON PU 1.2 (V O/I 25) -IMPORTADO.;;106596;CARAMELO 1450;;-1,0;1,0;0,0;0,0;1,0;0,0;nacional
Mini Fabrica - 69;184731;PECA ETIQUETA+IMPRESSAO ACTVITTA(PVC AUSTRALIA L.4836.113;PAR;103570;PRETO 01/DOURADO 1334;0;-1095,0;1095,0;0,0;0,0;1095,0;0,0;nacional
Mini Fabrica - 69;188235;PECA ETIQUETA+IMPRESSAO ACTVITTA(PVC AUSTRALIA SEM FILME) L.4853.104;PAR;17689;PRETO 01/BRANCO 99;0;-8,0;8,0;0,0;0,0;8,0;0,0;nacional
Mini Fabrica - 69;188235;PECA ETIQUETA+IMPRESSAO ACTVITTA(PVC AUSTRALIA SEM FILME) L.4853.104;PAR;93562;MARINHO 1128/BRANCO 99;0;-4,0;4,0;0,0;0,0;4,0;0,0;nacional
Mini Fabrica - 69;192552;PECA VISTA+IMPRESSAO ACTVITTA(PVC AUSTRALIA)L.4917.118;PAR;94023;PRETO 01/AREIA 1137;3;-197,0;197,0;0,0;0,0;197,0;0,0;nacional
Mini Fabrica - 69;196153;PECA VISTA+LATERAL IMPRESSAO ACTVITTA(PVC AUSTRALIA)L.4946.101;PAR;107408;PRETO 01/CORAL NEON 957- CHUMBO 1321;2;-80,0;80,0;0,0;0,0;80,0;0,0;nacional
Mini Fabrica - 69;196153;PECA VISTA+LATERAL IMPRESSAO ACTVITTA(PVC AUSTRALIA)L.4946.101;PAR;107408;PRETO 01/CORAL NEON 957- CHUMBO 1321;3;-57,0;57,0;0,0;0,0;57,0;0,0;nacional
Mini Fabrica - 69;196187;PECA ETIQ.+IMP.ACTVITTA(PVC AUSTRALIA S/FILME)L.4859.202;PAR;103640;PRETO 01/CINZA CLARO 1322;0;-270,0;270,0;0,0;0,0;270,0;0,0;nacional
Mini Fabrica - 69;196484;PECA VISTA IMPRESSAO ACTVITTA (PVC AUSTRALIA)L.4853.108;PAR;104361;PRETO 01/TURQUESA 1315- VIOLETA 1221;4;-1,0;1,0;0,0;0,0;1,0;0,0;nacional
Mini Fabrica - 69;202019;LAT.+VISTA DIR/ESQ. IMPRES.ACTVITTA(NAP.FLOT RUST.NEO 1.4+VELVET)L.4917.119;PAR;108833;PTO 01/PTO 01-CHUM.1321- CAM.778- CARAM.1202-BRANCO OFF 1132;1;-12,0;12,0;0,0;0,0;12,0;0,0;nacional
Mini Fabrica - 69;202019;LAT.+VISTA DIR/ESQ. IMPRES.ACTVITTA(NAP.FLOT RUST.NEO 1.4+VELVET)L.4917.119;PAR;108833;PTO 01/PTO 01-CHUM.1321- CAM.778- CARAM.1202-BRANCO OFF 1132;2;-65,0;65,0;0,0;0,0;65,0;0,0;nacional
Mini Fabrica - 69;202019;LAT.+VISTA DIR/ESQ. IMPRES.ACTVITTA(NAP.FLOT RUST.NEO 1.4+VELVET)L.4917.119;PAR;108833;PTO 01/PTO 01-CHUM.1321- CAM.778- CARAM.1202-BRANCO OFF 1132;3;-21,0;21,0;0,0;0,0;21,0;0,0;nacional
Mini Fabrica - 69;202019;LAT.+VISTA DIR/ESQ. IMPRES.ACTVITTA(NAP.FLOT RUST.NEO 1.4+VELVET)L.4917.119;PAR;109806;MARINHO1128/MAR.11 28-IRON1452- CAR.1202-BRCO OFF 1132;1;-7,0;7,0;0,0;0,0;7,0;0,0;nacional
Mini Fabrica - 69;202019;LAT.+VISTA DIR/ESQ. IMPRES.ACTVITTA(NAP.FLOT RUST.NEO 1.4+VELVET)L.4917.119;PAR;109806;MARINHO1128/MAR.11 28-IRON1452- CAR.1202-BRCO OFF 1132;2;-15,0;15,0;0,0;0,0;15,0;0,0;nacional
Mini Fabrica - 69;202019;LAT.+VISTA DIR/ESQ. IMPRES.ACTVITTA(NAP.FLOT RUST.NEO 1.4+VELVET)L.4917.119;PAR;109806;MARINHO1128/MAR.11 28-IRON1452- CAR.1202-BRCO OFF 1132;3;-14,0;14,0;0,0;0,0;14,0;0,0;nacional
Mini Fabrica - 69;202019;LAT.+VISTA DIR/ESQ. IMPRES.ACTVITTA(NAP.FLOT RUST.NEO 1.4+VELVET)L.4917.119;PAR;109806;MARINHO1128/MAR.11 28-IRON1452- CAR.1202-BRCO OFF 1132;4;-8,0;8,0;0,0;0,0;8,0;0,0;nacional
Mini Fabrica - 69;203227;ETIQ.+IMPR.ACTVITTA (AUSTRALIA S/FILME)TAM2:37/40 TAM4:41/44 L.4935.111;PAR;21007;BRANCO 99/PRETO 01;2;-12,0;12,0;0,0;0,0;12,0;0,0;nacional
Mini Fabrica - 69;203227;ETIQ.+IMPR.ACTVITTA (AUSTRALIA S/FILME)TAM2:37/40 TAM4:41/44 L.4935.111;PAR;21007;BRANCO 99/PRETO 01;4;-16,0;16,0;0,0;0,0;16,0;0,0;nacional
Mini Fabrica - 69;203227;ETIQ.+IMPR.ACTVITTA (AUSTRALIA S/FILME)TAM2:37/40 TAM4:41/44 L.4935.111;PAR;93562;MARINHO 1128/BRANCO 99;2;-82,0;82,0;0,0;0,0;82,0;0,0;nacional
Mini Fabrica - 69;203227;ETIQ.+IMPR.ACTVITTA (AUSTRALIA S/FILME)TAM2:37/40 TAM4:41/44 L.4935.111;PAR;93718;PRETO 01/BRANCO OFF 1132;2;-1110,0;1110,0;0,0;0,0;1110,0;0,0;nacional
Mini Fabrica - 69;203227;ETIQ.+IMPR.ACTVITTA (AUSTRALIA S/FILME)TAM2:37/40 TAM4:41/44 L.4935.111;PAR;93718;PRETO 01/BRANCO OFF 1132;4;-558,0;558,0;0,0;0,0;558,0;0,0;nacional
Mini Fabrica - 69;203227;ETIQ.+IMPR.ACTVITTA (AUSTRALIA S/FILME)TAM2:37/40 TAM4:41/44 L.4935.111;PAR;108584;CAMEL 778/BRANCO OFF 1132;2;-296,0;296,0;0,0;0,0;296,0;0,0;nacional
Mini Fabrica - 69;203227;ETIQ.+IMPR.ACTVITTA (AUSTRALIA S/FILME)TAM2:37/40 TAM4:41/44 L.4935.111;PAR;108584;CAMEL 778/BRANCO OFF 1132;4;-288,0;288,0;0,0;0,0;288,0;0,0;nacional
Mini Fabrica - 69;203227;ETIQ.+IMPR.ACTVITTA (AUSTRALIA S/FILME)TAM2:37/40 TAM4:41/44 L.4935.111;PAR;109236;BRANCO OFF 1132/CAMEL 778;2;-6,0;6,0;0,0;0,0;6,0;0,0;nacional
Mini Fabrica - 69;203227;ETIQ.+IMPR.ACTVITTA (AUSTRALIA S/FILME)TAM2:37/40 TAM4:41/44 L.4935.111;PAR;109236;BRANCO OFF 1132/CAMEL 778;4;-6,0;6,0;0,0;0,0;6,0;0,0;nacional
