Codigo Item,Descricao Item,Tipo Unidade,Codigo Cor,Descricao Cor,Tam,Qtd Mini Fabricas,Mini Fabricas Destino,Total Necessidade,Necessidade por Mini (deve|saldo|origem)
25567,AVESSO VELUR,,3,PRETO,,9,Mini Fabrica - 10 | Mini Fabrica - 16 | Mini Fabrica - 6 | Mini Fabrica - 9 | Mini Fabrica - 19 | Mini Fabrica - 30 | Mini Fabrica - 34 | Mini Fabrica - 38 | Mini Fabrica - 40,204.058,Mini Fabrica - 10: deve=-22.892 | saldo=0.00000 | origem=nacional || Mini Fabrica - 16: deve=-61.847 | saldo=0.00000 | origem=nacional || Mini Fabrica - 6: deve=-24.888 | saldo=0.00000 | origem=nacional || Mini Fabrica - 9: deve=-58.182 | saldo=0.00000 | origem=nacional || Mini Fabrica - 19: deve=-3.791 | saldo=0.00000 | origem=nacional || Mini Fabrica - 30: deve=-13.87 | saldo=0.00000 | origem=nacional || Mini Fabrica - 34: deve=-5.005 | saldo=0.00000 | origem=nacional || Mini Fabrica - 38: deve=-13.411 | saldo=0.00000 | origem=nacional || Mini Fabrica - 40: deve=-0.172 | saldo=0.00000 | origem=nacional
112853,"FORRO SOFT CONFORTO PU 0.7(MD P/V 18/19)+ESPUMA PU 6,5MM D.60+SPONLACE 30GR",,29497,BEGE 435/BRANCO 15,,2,Mini Fabrica - 10 | Mini Fabrica - 9,53.292,Mini Fabrica - 10: deve=-18.332 | saldo=0.00000 | origem=nacional || Mini Fabrica - 9: deve=-34.96 | saldo=0.00000 | origem=nacional
120736,"ESPUMA PU 6,5MM D.60",,1,BRANCO,,2,Mini Fabrica - 10 | Mini Fabrica - 34,131.9857,Mini Fabrica - 10: deve=-87.86332 | saldo=104.00000 | origem=nacional || Mini Fabrica - 34: deve=-44.1224 | saldo=104.00000 | origem=nacional
140345,NAPA BERLIM PU 1.2- IMPORTADO,,15745,PRETO 01,,3,Mini Fabrica - 10 | Mini Fabrica - 20 | Mini Fabrica - 19,45.5398,Mini Fabrica - 10: deve=-8.2078 | saldo=20.00000 | origem=nacional || Mini Fabrica - 20: deve=-10.506 | saldo=0.00000 | origem=nacional || Mini Fabrica - 19: deve=-26.826 | saldo=0.00000 | origem=nacional
151481,"CACHAREL RUN (MLK)+ESP PU 1,5 D30+SP 40GR ANTI-MICROBIANO",,59778,PRETO/BRANCO 15/PRETO 01,,2,Mini Fabrica - 10 | Mini Fabrica - 34,880.0784,Mini Fabrica - 10: deve=-16.962 | saldo=238.50000 | origem=nacional || Mini Fabrica - 34: deve=-863.11635 | saldo=238.50000 | origem=nacional
183344,NAPA GARDA PU 1.0 (V P/V 24/25),,95373,CAMEL 1165,,6,Mini Fabrica - 10 | Mini Fabrica - 16 | Mini Fabrica - 30 | Mini Fabrica - 38 | Mini Fabrica - 43 | Mini Fabrica - 50,56.242,Mini Fabrica - 10: deve=-2.125 | saldo=1.00000 | origem=nacional || Mini Fabrica - 16: deve=-18.578 | saldo=1.00000 | origem=nacional || Mini Fabrica - 30: deve=-4.926 | saldo=1.00000 | origem=nacional || Mini Fabrica - 38: deve=-5.72 | saldo=1.00000 | origem=nacional || Mini Fabrica - 43: deve=-12.278 | saldo=1.00000 | origem=nacional || Mini Fabrica - 50: deve=-12.615 | saldo=1.00000 | origem=nacional
188721,"TECIDO MARAGOGI(ACT 0/I 25)+ ESPUMA D23 2,5MM + TECIDO MEIA MALHA 100GR",,32908,PRETO 01/CINZA/PRETO 01,,2,Mini Fabrica - 10 | Mini Fabrica - 34,192.105,Mini Fabrica - 10: deve=-23.147 | saldo=0.00000 | origem=nacional || Mini Fabrica - 34: deve=-168.958 | saldo=0.00000 | origem=nacional
197280,CAMURCAO LONDON PU 1.2 (V O/I 25) -IMPORTADO.,,101439,CACAU 1277,,4,Mini Fabrica - 10 | Mini Fabrica - 9 | Mini Fabrica - 16 | Mini Fabrica - 43,25.898,Mini Fabrica - 10: deve=-5.548 | saldo=0.00000 | origem=nacional || Mini Fabrica - 9: deve=-9.387 | saldo=0.00000 | origem=nacional || Mini Fabrica - 16: deve=-2.422 | saldo=0.00000 | origem=nacional || Mini Fabrica - 43: deve=-8.541 | saldo=0.00000 | origem=nacional
197280,CAMURCAO LONDON PU 1.2 (V O/I 25) -IMPORTADO.,,106596,CARAMELO 1450,,5,Mini Fabrica - 10 | Mini Fabrica - 43 | Mini Fabrica - 50 | Mini Fabrica - 9 | Mini Fabrica - 68,49.4954,Mini Fabrica - 10: deve=-2.9784 | saldo=10.00000 | origem=nacional || Mini Fabrica - 43: deve=-6.992 | saldo=0.00000 | origem=nacional || Mini Fabrica - 50: deve=-23.669 | saldo=0.00000 | origem=nacional || Mini Fabrica - 9: deve=-14.856 | saldo=0.00000 | origem=nacional || Mini Fabrica - 68: deve=-1.0 | saldo=0.00000 | origem=nacional
202067,TECIDO SUBLIME 160GR+ ESP D26 3MM+ JERSEY,,16143,PRETO 01/PRETO 01/PRETO 01,,2,Mini Fabrica - 10 | Mini Fabrica - 34,640.857,Mini Fabrica - 10: deve=-18.056 | saldo=0.00000 | origem=nacional || Mini Fabrica - 34: deve=-622.801 | saldo=0.00000 | origem=nacional
44187,"CACHAREL SOFT(B P/V 11/12)+ESP PU 1,5 D30+SPONL 40GR ANTI-MICROBIANO",,15745,PRETO 01,,4,Mini Fabrica - 26 | Mini Fabrica - 10 | Mini Fabrica - 9 | Mini Fabrica - 24,873.1095,Mini Fabrica - 26: deve=-3.0445 | saldo=177.00000 | origem=nacional || Mini Fabrica - 10: deve=-863.795 | saldo=173.00000 | origem=nacional || Mini Fabrica - 9: deve=-5.871 | saldo=714.40000 | origem=nacional || Mini Fabrica - 24: deve=-0.399 | saldo=714.40000 | origem=nacional
56577,FORRO MILANO PU 0.7(B O/I 2014),,95373,CAMEL 1165,,8,Mini Fabrica - 26 | Mini Fabrica - 9 | Mini Fabrica - 16 | Mini Fabrica - 19 | Mini Fabrica - 24 | Mini Fabrica - 40 | Mini Fabrica - 43 | Mini Fabrica - 50,85.8825,Mini Fabrica - 26: deve=-1.0355 | saldo=57.00000 | origem=nacional || Mini Fabrica - 9: deve=-9.476 | saldo=93.00000 | origem=nacional || Mini Fabrica - 16: deve=-24.776 | saldo=93.00000 | origem=nacional || Mini Fabrica - 19: deve=-4.225 | saldo=93.00000 | origem=nacional || Mini Fabrica - 24: deve=-0.642 | saldo=93.00000 | origem=nacional || Mini Fabrica - 40: deve=-16.324 | saldo=93.00000 | origem=nacional || Mini Fabrica - 43: deve=-1.875 | saldo=93.00000 | origem=nacional || Mini Fabrica - 50: deve=-27.529 | saldo=93.00000 | origem=nacional
58702,"FORRO CACHAREL CONFORT(MD O/I 2014)+ESP.PU2,5 D30+SPO40GR ANTI- MICROBI",,29452,BEGE 435,,2,Mini Fabrica - 26 | Mini Fabrica - 10,29.1126,Mini Fabrica - 26: deve=-4.4406 | saldo=575.60000 | origem=nacional || Mini Fabrica - 10: deve=-24.672 | saldo=288.80000 | origem=nacional
67345,NAPA TURIM PU 1.0 + SARJA 7030/40 0.40,,105897,OSTRA 1431/CRU 20,,3,Mini Fabrica - 26 | Mini Fabrica - 9 | Mini Fabrica - 19,15.052,Mini Fabrica - 26: deve=-6.601 | saldo=47.80000 | origem=nacional || Mini Fabrica - 9: deve=-6.281 | saldo=47.80000 | origem=nacional || Mini Fabrica - 19: deve=-2.17 | saldo=47.80000 | origem=nacional
94157,NAPA TURIM PU 1.0+VELVET,,95701,CAMEL 1165/CREME 516,,4,Mini Fabrica - 26 | Mini Fabrica - 9 | Mini Fabrica - 30 | Mini Fabrica - 43,44.479,Mini Fabrica - 26: deve=-5.522 | saldo=61.20000 | origem=nacional || Mini Fabrica - 9: deve=-20.404 | saldo=16.70000 | origem=nacional || Mini Fabrica - 30: deve=-12.24 | saldo=16.70000 | origem=nacional || Mini Fabrica - 43: deve=-6.313 | saldo=16.70000 | origem=nacional
143760,METALIZADO LONDON PU 0.9+BASE FLEX,,15787,PRETO 01/PRETO,,2,Mini Fabrica - 26 | Mini Fabrica - 9,0.758,Mini Fabrica - 26: deve=-0.672 | saldo=12.30000 | origem=nacional || Mini Fabrica - 9: deve=-0.086 | saldo=12.30000 | origem=nacional
34062,PANO P/ REFORCO CR 150,,0,SEM COR,,3,Mini Fabrica - 10 | Mini Fabrica - 19 | Mini Fabrica - 24,857.364,Mini Fabrica - 10: deve=-843.95995 | saldo=3824.10000 | origem=nacional || Mini Fabrica - 19: deve=-7.521 | saldo=4123.90000 | origem=nacional || Mini Fabrica - 24: deve=-5.883 | saldo=4123.90000 | origem=nacional
56577,FORRO MILANO PU 0.7(B O/I 2014),,15745,PRETO 01,,2,Mini Fabrica - 10 | Mini Fabrica - 19,12.1806,Mini Fabrica - 10: deve=-11.1226 | saldo=496 | origem=substituto || Mini Fabrica - 19: deve=-1.058 | saldo=0.00000 | origem=nacional
56577,FORRO MILANO PU 0.7(B O/I 2014),,29452,BEGE 435,,4,Mini Fabrica - 10 | Mini Fabrica - 9 | Mini Fabrica - 19 | Mini Fabrica - 50,93.1817,Mini Fabrica - 10: deve=-14.3707 | saldo=251 | origem=substituto || Mini Fabrica - 9: deve=-25.713 | saldo=0.00000 | origem=nacional || Mini Fabrica - 19: deve=-4.368 | saldo=0.00000 | origem=nacional || Mini Fabrica - 50: deve=-48.73 | saldo=0.00000 | origem=nacional
58702,"FORRO CACHAREL CONFORT(MD O/I 2014)+ESP.PU2,5 D30+SPO40GR ANTI- MICROBI",,15745,PRETO 01,,3,Mini Fabrica - 10 | Mini Fabrica - 16 | Mini Fabrica - 43,692.4216,Mini Fabrica - 10: deve=-672.4116 | saldo=337.90000 | origem=nacional || Mini Fabrica - 16: deve=-0.508 | saldo=37.90000 | origem=nacional || Mini Fabrica - 43: deve=-19.502 | saldo=37.90000 | origem=nacional
81554,NAPA FLOTER RUSTICO NEO 1.4(MLK O/I 17)+VELVET 0.50,,15787,PRETO 01/PRETO,,2,Mini Fabrica - 10 | Mini Fabrica - 34,12.018,Mini Fabrica - 10: deve=-11.416 | saldo=0.00000 | origem=nacional || Mini Fabrica - 34: deve=-0.602 | saldo=0.00000 | origem=nacional
108850,NAPA PELE STRECH PU 1.0 (MD O/I 2019),,15745,PRETO 01,,3,Mini Fabrica - 10 | Mini Fabrica - 6 | Mini Fabrica - 38,385.5492,Mini Fabrica - 10: deve=-361.1552 | saldo=717 | origem=substituto || Mini Fabrica - 6: deve=-11.05 | saldo=0.00000 | origem=nacional || Mini Fabrica - 38: deve=-13.344 | saldo=0.00000 | origem=nacional
128939,NAPA FLOATHER NATURE PU 1.0 (MD P/V 20/21) + SARJA 7030/40,,15758,PRETO 01/PRETO 01,,2,Mini Fabrica - 10 | Mini Fabrica - 26,29.732,Mini Fabrica - 10: deve=-20.889 | saldo=68.00000 | origem=nacional || Mini Fabrica - 26: deve=-8.843 | saldo=68.00000 | origem=nacional
128939,NAPA FLOATHER NATURE PU 1.0 (MD P/V 20/21) + SARJA 7030/40,,35324,BRANCO OFF 526/CRU 20,,2,Mini Fabrica - 10 | Mini Fabrica - 9,102.0552,Mini Fabrica - 10: deve=-5.8212 | saldo=77.80000 | origem=nacional || Mini Fabrica - 9: deve=-96.234 | saldo=71.80000 | origem=nacional
128939,NAPA FLOATHER NATURE PU 1.0 (MD P/V 20/21) + SARJA 7030/40,,52568,NUDE 658/CRU 20,,2,Mini Fabrica - 10 | Mini Fabrica - 26,8.8444,Mini Fabrica - 10: deve=-2.3524 | saldo=18.00000 | origem=nacional || Mini Fabrica - 26: deve=-6.492 | saldo=30.00000 | origem=nacional
128939,NAPA FLOATHER NATURE PU 1.0 (MD P/V 20/21) + SARJA 7030/40,,84042,CREME 985/CRU 20,,2,Mini Fabrica - 10 | Mini Fabrica - 9,22.018,Mini Fabrica - 10: deve=-0.298 | saldo=49.00000 | origem=nacional || Mini Fabrica - 9: deve=-21.72 | saldo=49.00000 | origem=nacional
138672,NAPA FLOATHER NATURE PU 1.0 (MD P/V 20/21)+VELVET,,100604,AVELA 1248/CREME 516,,2,Mini Fabrica - 10 | Mini Fabrica - 9,93.504,Mini Fabrica - 10: deve=-13.042 | saldo=256.00000 | origem=nacional || Mini Fabrica - 9: deve=-80.462 | saldo=256.00000 | origem=nacional
151481,"CACHAREL RUN (MLK)+ESP PU 1,5 D",,93368,MARINHO 1128,,2,Mini Fabrica - 10 | Mini Fabrica - 34,22.43,Mini Fabrica - 10: deve=-12.87639 | saldo=46.50000 | origem=nacional || Mini Fabrica - 34: deve=-9.5536 | saldo=46.50000 | origem=nacional
153726,BIDIN CB 2030/R,,19161,BRANCO 15,,2,Mini Fabrica - 10 | Mini Fabrica - 34,687.2036,Mini Fabrica - 10: deve=-219.5783 | saldo=29.5676 | origem=substituto || Mini Fabrica - 34: deve=-467.6253 | saldo=29.5676 | origem=substituto
157666,TECIDO ADTERM CH 180 C CONFORFLEX T7 EXT 400 C,,15745,PRETO 01,,3,Mini Fabrica - 10 | Mini Fabrica - 6 | Mini Fabrica - 19,181.321,Mini Fabrica - 10: deve=-78.188 | saldo=341.00000 | origem=nacional || Mini Fabrica - 6: deve=-41.878 | saldo=60.00000 | origem=nacional || Mini Fabrica - 19: deve=-61.255 | saldo=60.00000 | origem=nacional
173406,GASPEA LOC PESARO(ACT 0/I 24) L.4935.100,PAR,15745,PRETO 01,2,1,Mini Fabrica - 10,95.0,Mini Fabrica - 10: deve=-95.0 | saldo=210.00000 | origem=nacional
174077,"NAPA SUPREMA PU 0.9 (MD O/I 25)+ESPUMA 3,5MM D26+SPON 20",,25405,PRETO 01/BRANCO 15/PRETO 01,,2,Mini Fabrica - 10 | Mini Fabrica - 43,256.187,Mini Fabrica - 10: deve=-235.598 | saldo=0.00000 | origem=nacional || Mini Fabrica - 43: deve=-20.589 | saldo=0.00000 | origem=nacional
183344,NAPA GARDA PU 1.0 (V P/V 24/25),,107610,OLIVE 1469,,5,Mini Fabrica - 10 | Mini Fabrica - 16 | Mini Fabrica - 38 | Mini Fabrica - 40 | Mini Fabrica - 43,31.2562,Mini Fabrica - 10: deve=-9.5372 | saldo=3.00000 | origem=nacional || Mini Fabrica - 16: deve=-4.384 | saldo=50.00000 | origem=nacional || Mini Fabrica - 38: deve=-3.981 | saldo=50.00000 | origem=nacional || Mini Fabrica - 40: deve=-12.564 | saldo=50.00000 | origem=nacional || Mini Fabrica - 43: deve=-0.79 | saldo=50.00000 | origem=nacional
194041,TECIDO ADTERM CH 120 C CB CONFORFLEX T7 2213 300,,15745,PRETO 01,,2,Mini Fabrica - 10 | Mini Fabrica - 34,165.637,Mini Fabrica - 10: deve=-123.941 | saldo=255.00000 | origem=nacional || Mini Fabrica - 34: deve=-41.696 | saldo=255.00000 | origem=nacional
56577,FORRO MILANO PU 0.7(B O/I 2014),,35312,BRANCO OFF 526,,6,Mini Fabrica - 6 | Mini Fabrica - 50 | Mini Fabrica - 9 | Mini Fabrica - 19 | Mini Fabrica - 26 | Mini Fabrica - 40,44.854,Mini Fabrica - 6: deve=-7.896 | saldo=0.00000 | origem=nacional || Mini Fabrica - 50: deve=-12.776 | saldo=26.00000 | origem=nacional || Mini Fabrica - 9: deve=-14.337 | saldo=26.00000 | origem=nacional || Mini Fabrica - 19: deve=-0.763 | saldo=26.00000 | origem=nacional || Mini Fabrica - 26: deve=-3.312 | saldo=26.00000 | origem=nacional || Mini Fabrica - 40: deve=-5.77 | saldo=26.00000 | origem=nacional
67345,NAPA TURIM PU 1.0 + SARJA 7030/40 0.40,,101602,CHOCOLATE 1271/PRETO 01,,4,Mini Fabrica - 6 | Mini Fabrica - 9 | Mini Fabrica - 40 | Mini Fabrica - 26,48.528,Mini Fabrica - 6: deve=-0.724 | saldo=0.00000 | origem=nacional || Mini Fabrica - 9: deve=-35.307 | saldo=0.00000 | origem=nacional || Mini Fabrica - 40: deve=-0.26 | saldo=0.00000 | origem=nacional || Mini Fabrica - 26: deve=-12.237 | saldo=30.20000 | origem=nacional
73034,NAPA TURIM PU 1.0 (B P/V 15/16)+BASE FLEX 1.0,,101646,CHOCOLATE 1271/PRETO,,3,Mini Fabrica - 6 | Mini Fabrica - 40 | Mini Fabrica - 24,67.167,Mini Fabrica - 6: deve=-0.602 | saldo=0.00000 | origem=nacional || Mini Fabrica - 40: deve=-14.643 | saldo=125.90000 | origem=nacional || Mini Fabrica - 24: deve=-51.922 | saldo=125.90000 | origem=nacional
128938,NAPA FLOATHER NATURE PU 1.0 (MD P/V 20/21),,95373,CAMEL 1165,,2,Mini Fabrica - 6 | Mini Fabrica - 50,8.668,Mini Fabrica - 6: deve=-5.0 | saldo=0.00000 | origem=nacional || Mini Fabrica - 50: deve=-3.668 | saldo=0.00000 | origem=nacional
149602,CAMURCA STRECH DUO + VELVET (MD O/I /23),,15787,PRETO 01/PRETO,,2,Mini Fabrica - 6 | Mini Fabrica - 38,43.859,Mini Fabrica - 6: deve=-9.394 | saldo=42.70000 | origem=nacional || Mini Fabrica - 38: deve=-34.465 | saldo=42.70000 | origem=nacional
187451,NYLON KANSAS(ACT O/I22)+ESPUMA D501 3MM+CACHAREL 120GR,,106860,AVELA 1248/BRANCO 15/CREME 516,,2,Mini Fabrica - 6 | Mini Fabrica - 26,11.0,Mini Fabrica - 6: deve=-9.368 | saldo=0.00000 | origem=nacional || Mini Fabrica - 26: deve=-1.632 | saldo=0.00000 | origem=nacional
192842,BRILHO ITALIA PU 0.9 (P/V 25/26)+BASE FLEX,,34788,DOURADO/BISCOITO,,5,Mini Fabrica - 6 | Mini Fabrica - 24 | Mini Fabrica - 16 | Mini Fabrica - 30 | Mini Fabrica - 40,48.876,Mini Fabrica - 6: deve=-11.822 | saldo=20.00000 | origem=nacional || Mini Fabrica - 24: deve=-27.353 | saldo=20.00000 | origem=nacional || Mini Fabrica - 16: deve=-8.88 | saldo=20.00000 | origem=nacional || Mini Fabrica - 30: deve=-0.708 | saldo=20.00000 | origem=nacional || Mini Fabrica - 40: deve=-0.113 | saldo=20.00000 | origem=nacional
195876,NAPA TRESSE BERLIM PU 1.2 (MD O/I 26),,100196,AVELA 1248,,2,Mini Fabrica - 6 | Mini Fabrica - 50,12.544,Mini Fabrica - 6: deve=-4.0 | saldo=0.00000 | origem=nacional || Mini Fabrica - 50: deve=-8.544 | saldo=0.00000 | origem=nacional
202643,NAPA SOFT MADRI PU 1.0 (V O/I 23/24)+BASE FLEX,,37331,BRANCO OFF 526/BISCOITO,,2,Mini Fabrica - 6 | Mini Fabrica - 16,10.493,Mini Fabrica - 6: deve=-10.245 | saldo=19.00000 | origem=nacional || Mini Fabrica - 16: deve=-0.248 | saldo=19.00000 | origem=nacional
48926,CAMURCA FLEX 0.30+BASE FLEX 1.0 (P/V 12/13),,96142,CAMEL 1165/BISCOITO,,2,Mini Fabrica - 9 | Mini Fabrica - 30,1.301,Mini Fabrica - 9: deve=-0.759 | saldo=0.00000 | origem=nacional || Mini Fabrica - 30: deve=-0.542 | saldo=0.00000 | origem=nacional
60121,CAMURCA FLEX 0.30+FLANELA 475/11 0.40,,95810,CAMEL 1165/CRU 20,,2,Mini Fabrica - 9 | Mini Fabrica - 30,0.477,Mini Fabrica - 9: deve=-0.293 | saldo=0.00000 | origem=nacional || Mini Fabrica - 30: deve=-0.184 | saldo=0.00000 | origem=nacional
73034,NAPA TURIM PU 1.0 (B P/V 15/16)+BASE FLEX 1.0,,107768,TERRACOTA 1477/BISCOITO,,3,Mini Fabrica - 9 | Mini Fabrica - 24 | Mini Fabrica - 30,11.511,Mini Fabrica - 9: deve=-0.706 | saldo=20.00000 | origem=nacional || Mini Fabrica - 24: deve=-9.822 | saldo=20.00000 | origem=nacional || Mini Fabrica - 30: deve=-0.983 | saldo=20.00000 | origem=nacional
128939,NAPA FLOATHER NATURE PU 1.0 (MD P/V 20/21) + SARJA 7030/40,,18215,BRANCO 99/CRU 20,,2,Mini Fabrica - 9 | Mini Fabrica - 10,1.514,Mini Fabrica - 9: deve=-0.763 | saldo=25.00000 | origem=nacional || Mini Fabrica - 10: deve=-0.751 | saldo=25.00000 | origem=nacional
196639,NAPA VELUNA 0.9 (MD O/I 26) - IMPORTADO+ SARJA 7030/40,,15758,PRETO 01/PRETO 01,,3,Mini Fabrica - 9 | Mini Fabrica - 10 | Mini Fabrica - 43,5.961,Mini Fabrica - 9: deve=-3.534 | saldo=0.00000 | origem=nacional || Mini Fabrica - 10: deve=-1.634 | saldo=0.00000 | origem=nacional || Mini Fabrica - 43: deve=-0.793 | saldo=0.00000 | origem=nacional
196770,NAPA ONCA GRECIA PU 0.9 (B P/V 24/25),,96942,MULTI CAMEL 1165,,4,Mini Fabrica - 9 | Mini Fabrica - 40 | Mini Fabrica - 50 | Mini Fabrica - 19,14.67,Mini Fabrica - 9: deve=-7.386 | saldo=42.00000 | origem=nacional || Mini Fabrica - 40: deve=-0.648 | saldo=42.00000 | origem=nacional || Mini Fabrica - 50: deve=-5.636 | saldo=42.00000 | origem=nacional || Mini Fabrica - 19: deve=-1.0 | saldo=42.00000 | origem=nacional
58623,FORRO MILANO PU 0.7(B O/I 2014)+FILME TPU SC 50,,15745,PRETO 01,,3,Mini Fabrica - 10 | Mini Fabrica - 19 | Mini Fabrica - 38,24.302,Mini Fabrica - 10: deve=-8.905 | saldo=44.00000 | origem=nacional || Mini Fabrica - 19: deve=-4.627 | saldo=44.00000 | origem=nacional || Mini Fabrica - 38: deve=-10.77 | saldo=44.00000 | origem=nacional
187654,NAPA GARDA PU 1.0 (V P/V 24/25)+BASE FLEX,,37331,BRANCO OFF 526/BISCOITO,,3,Mini Fabrica - 10 | Mini Fabrica - 16 | Mini Fabrica - 43,41.032,Mini Fabrica - 10: deve=-19.675 | saldo=0.00000 | origem=nacional || Mini Fabrica - 16: deve=-11.88 | saldo=0.00000 | origem=nacional || Mini Fabrica - 43: deve=-9.477 | saldo=0.00000 | origem=nacional
187654,NAPA GARDA PU 1.0 (V P/V 24/25)+BASE FLEX,,96142,CAMEL 1165/BISCOITO,,2,Mini Fabrica - 10 | Mini Fabrica - 16,11.034,Mini Fabrica - 10: deve=-9.054 | saldo=0.00000 | origem=nacional || Mini Fabrica - 16: deve=-1.98 | saldo=0.00000 | origem=nacional
188721,"TECIDO MARAGOGI(ACT 0/I 25)+ ESPUMA D23 2,5MM + TECIDO MEIA MALHA 100GR",,93368,MARINHO 1128/CINZA/PRETO 01,,2,Mini Fabrica - 10 | Mini Fabrica - 34,23.622,Mini Fabrica - 10: deve=-6.762 | saldo=0.00000 | origem=nacional || Mini Fabrica - 34: deve=-16.86 | saldo=0.00000 | origem=nacional
92871,MALHA ADTERM MA 140P CONFORFLEX 650C,,23654,CRU 20,,3,Mini Fabrica - 16 | Mini Fabrica - 30 | Mini Fabrica - 43,11.144,Mini Fabrica - 16: deve=-0.964 | saldo=0.00000 | origem=nacional || Mini Fabrica - 30: deve=-3.401 | saldo=0.00000 | origem=nacional || Mini Fabrica - 43: deve=-6.779 | saldo=0.00000 | origem=nacional
108850,NAPA PELE STRECH PU 1.0 (MD O/I 2019),,89673,TAN 1080,,2,Mini Fabrica - 16 | Mini Fabrica - 50,53.397,Mini Fabrica - 16: deve=-48.613 | saldo=60.00000 | origem=nacional || Mini Fabrica - 50: deve=-4.784 | saldo=60.00000 | origem=nacional
168873,NAPA CALF PU 0.9 ( P/V 24/25),,107613,TERRACOTA 1477,,2,Mini Fabrica - 16 | Mini Fabrica - 50,91.855,Mini Fabrica - 16: deve=-63.37 | saldo=160.00000 | origem=nacional || Mini Fabrica - 50: deve=-28.485 | saldo=160.00000 | origem=nacional
184017,NAPA GARDA PU 1.0 (V P/V 24/25)+TECIDO VELVET,,101646,CHOCOLATE 1271/PRETO,,2,Mini Fabrica - 16 | Mini Fabrica - 40,14.56,Mini Fabrica - 16: deve=-10.79 | saldo=29.00000 | origem=nacional || Mini Fabrica - 40: deve=-3.77 | saldo=29.00000 | origem=nacional
56577,FORRO MILANO PU 0.7(B O/I 2014),,107610,OLIVE 1469,,4,Mini Fabrica - 20 | Mini Fabrica - 9 | Mini Fabrica - 19 | Mini Fabrica - 40,9.627,Mini Fabrica - 20: deve=-2.724 | saldo=0.00000 | origem=nacional || Mini Fabrica - 9: deve=-3.32 | saldo=46.00000 | origem=nacional || Mini Fabrica - 19: deve=-2.724 | saldo=46.00000 | origem=nacional || Mini Fabrica - 40: deve=-0.859 | saldo=46.00000 | origem=nacional
64664,FORRO FACHETE PVC 0.8 (B O/I 2015),,15745,PRETO 01,,3,Mini Fabrica - 20 | Mini Fabrica - 30 | Mini Fabrica - 19,72.476,Mini Fabrica - 20: deve=-4.084 | saldo=0.00000 | origem=nacional || Mini Fabrica - 30: deve=-43.464 | saldo=21.00000 | origem=nacional || Mini Fabrica - 19: deve=-24.928 | saldo=21.00000 | origem=nacional
67244,NAPA TURIM PU 1.0 (B P/V 15/16),,83517,CREME 985,,4,Mini Fabrica - 20 | Mini Fabrica - 30 | Mini Fabrica - 50 | Mini Fabrica - 19,77.321,Mini Fabrica - 20: deve=-18.402 | saldo=0.00000 | origem=nacional || Mini Fabrica - 30: deve=-5.392 | saldo=0.00000 | origem=nacional || Mini Fabrica - 50: deve=-8.562 | saldo=0.00000 | origem=nacional || Mini Fabrica - 19: deve=-44.965 | saldo=0.00000 | origem=nacional
74934,NAPA TURIM PU 1.0 + POLINYLON 11HM 2 L+FORRO MILANO PU 0.7,,40278,BRANCO OFF 526/BRANCO 15/NATURAL,,2,Mini Fabrica - 20 | Mini Fabrica - 26,3.632,Mini Fabrica - 20: deve=-0.07 | saldo=0.00000 | origem=nacional || Mini Fabrica - 26: deve=-3.562 | saldo=18.60000 | origem=nacional
74934,NAPA TURIM PU 1.0 + POLINYLON 11HM 2 L+FORRO MILANO PU 0.7,,96674,CAMEL 1165/BRANCO 15/NATURAL,,2,Mini Fabrica - 20 | Mini Fabrica - 19,9.94,Mini Fabrica - 20: deve=-2.402 | saldo=0.00000 | origem=nacional || Mini Fabrica - 19: deve=-7.538 | saldo=11.80000 | origem=nacional
74934,NAPA TURIM PU 1.0 + POLINYLON 11HM 2 L+FORRO MILANO PU 0.7,,101878,CHOCOLATE 1271/PRETO 01/PRETO 01,,4,Mini Fabrica - 20 | Mini Fabrica - 19 | Mini Fabrica - 26 | Mini Fabrica - 43,26.341,Mini Fabrica - 20: deve=-0.181 | saldo=0.00000 | origem=nacional || Mini Fabrica - 19: deve=-10.379 | saldo=19.00000 | origem=nacional || Mini Fabrica - 26: deve=-5.791 | saldo=19.00000 | origem=nacional || Mini Fabrica - 43: deve=-9.99 | saldo=19.00000 | origem=nacional
74934,NAPA TURIM PU 1.0 + POLINYLON 11HM 2 L+FORRO MILANO PU 0.7,,108445,OLIVE 1469/BRANCO 15/NATURAL,,2,Mini Fabrica - 20 | Mini Fabrica - 19,3.257,Mini Fabrica - 20: deve=-0.586 | saldo=0.00000 | origem=nacional || Mini Fabrica - 19: deve=-2.671 | saldo=0.00000 | origem=nacional
82290,GLITER MINI SHINE(M/MK O/I 17),,41,PRATA,,2,Mini Fabrica - 20 | Mini Fabrica - 40,12.753,Mini Fabrica - 20: deve=-8.093 | saldo=0.00000 | origem=nacional || Mini Fabrica - 40: deve=-4.66 | saldo=0.00000 | origem=nacional
82290,GLITER MINI SHINE(M/MK O/I 17),,23146,OURO ROSADO,,2,Mini Fabrica - 20 | Mini Fabrica - 40,27.183,Mini Fabrica - 20: deve=-4.494 | saldo=0.00000 | origem=nacional || Mini Fabrica - 40: deve=-22.689 | saldo=0.00000 | origem=nacional
140345,NAPA BERLIM PU 1.2- IMPORTADO,,83508,CAFE 987,,3,Mini Fabrica - 20 | Mini Fabrica - 50 | Mini Fabrica - 19,34.239,Mini Fabrica - 20: deve=-9.624 | saldo=0.00000 | origem=nacional || Mini Fabrica - 50: deve=-5.59 | saldo=0.00000 | origem=nacional || Mini Fabrica - 19: deve=-19.025 | saldo=0.00000 | origem=nacional
172898,NAPA FLOATHER ZURIQUE PU 1.2+TECIDO LECCE,,95740,CARAMELO 1170/CREME 516,,2,Mini Fabrica - 20 | Mini Fabrica - 19,22.835,Mini Fabrica - 20: deve=-21.012 | saldo=0.00000 | origem=nacional || Mini Fabrica - 19: deve=-1.823 | saldo=0.00000 | origem=nacional
190938,NAPA TURIM CROCO MILAO PU 1.0 (B P/V 24/25),,15745,PRETO 01,,2,Mini Fabrica - 20 | Mini Fabrica - 19,3.0,Mini Fabrica - 20: deve=-1.5 | saldo=0.00000 | origem=nacional || Mini Fabrica - 19: deve=-1.5 | saldo=40.00000 | origem=nacional
97488,PANO COURACA P/ REFORCO TX 007/B,,1,BRANCO,,2,Mini Fabrica - 26 | Mini Fabrica - 34,80.727,Mini Fabrica - 26: deve=-61.794 | saldo=81.00000 | origem=nacional || Mini Fabrica - 34: deve=-18.933 | saldo=81.00000 | origem=nacional
196437,NAPA ONCA GRECIA PU 0.9 (B P/V 24/25)+SARJA 7030/50,,96662,MULTI CAMEL 1165/PRETO 01,,3,Mini Fabrica - 26 | Mini Fabrica - 30 | Mini Fabrica - 38,31.774,Mini Fabrica - 26: deve=-23.137 | saldo=19.00000 | origem=nacional || Mini Fabrica - 30: deve=-5.745 | saldo=0.00000 | origem=nacional || Mini Fabrica - 38: deve=-2.892 | saldo=0.00000 | origem=nacional
25567,AVESSO VELUR,,23041,CARAMELO 310,,3,Mini Fabrica - 30 | Mini Fabrica - 9 | Mini Fabrica - 38,31.058,Mini Fabrica - 30: deve=-19.307 | saldo=0.00000 | origem=nacional || Mini Fabrica - 9: deve=-0.756 | saldo=0.00000 | origem=nacional || Mini Fabrica - 38: deve=-10.995 | saldo=0.00000 | origem=nacional
25567,AVESSO VELUR,,35313,CREME 516,,7,Mini Fabrica - 30 | Mini Fabrica - 6 | Mini Fabrica - 9 | Mini Fabrica - 10 | Mini Fabrica - 16 | Mini Fabrica - 19 | Mini Fabrica - 34,67.785,Mini Fabrica - 30: deve=-30.199 | saldo=0.00000 | origem=nacional || Mini Fabrica - 6: deve=-17.864 | saldo=0.00000 | origem=nacional || Mini Fabrica - 9: deve=-12.112 | saldo=0.00000 | origem=nacional || Mini Fabrica - 10: deve=-0.229 | saldo=0.00000 | origem=nacional || Mini Fabrica - 16: deve=-1.026 | saldo=0.00000 | origem=nacional || Mini Fabrica - 19: deve=-3.698 | saldo=0.00000 | origem=nacional || Mini Fabrica - 34: deve=-2.657 | saldo=0.00000 | origem=nacional
67244,NAPA TURIM PU 1.0 (B P/V 15/16),,105828,CORAL 1435,,2,Mini Fabrica - 30 | Mini Fabrica - 50,3.885,Mini Fabrica - 30: deve=-2.179 | saldo=0.00000 | origem=nacional || Mini Fabrica - 50: deve=-1.706 | saldo=0.00000 | origem=nacional
67244,NAPA TURIM PU 1.0 (B P/V 15/16),,107610,OLIVE 1469,,5,Mini Fabrica - 30 | Mini Fabrica - 38 | Mini Fabrica - 50 | Mini Fabrica - 16 | Mini Fabrica - 43,35.207,Mini Fabrica - 30: deve=-12.466 | saldo=30.00000 | origem=nacional || Mini Fabrica - 38: deve=-0.479 | saldo=30.00000 | origem=nacional || Mini Fabrica - 50: deve=-19.901 | saldo=30.00000 | origem=nacional || Mini Fabrica - 16: deve=-0.139 | saldo=30.00000 | origem=nacional || Mini Fabrica - 43: deve=-2.222 | saldo=30.00000 | origem=nacional
74934,NAPA TURIM PU 1.0 + POLINYLON 11HM 2 L+FORRO MILANO PU 0.7,,100874,CAMEL 1165/BRANCO 15/CAMEL 1165,,3,Mini Fabrica - 30 | Mini Fabrica - 10 | Mini Fabrica - 16,4.592,Mini Fabrica - 30: deve=-2.658 | saldo=12.00000 | origem=nacional || Mini Fabrica - 10: deve=-1.472 | saldo=12.00000 | origem=nacional || Mini Fabrica - 16: deve=-0.462 | saldo=12.00000 | origem=nacional
92871,MALHA ADTERM MA 140P CONFORFLEX 650C,,15745,PRETO 01,,3,Mini Fabrica - 30 | Mini Fabrica - 10 | Mini Fabrica - 16,54.519,Mini Fabrica - 30: deve=-3.203 | saldo=0.00000 | origem=nacional || Mini Fabrica - 10: deve=-45.174 | saldo=0.00000 | origem=nacional || Mini Fabrica - 16: deve=-6.142 | saldo=0.00000 | origem=nacional
97488,PANO COURACA P/ REFORCO TX 007/B,,3,PRETO,,2,Mini Fabrica - 30 | Mini Fabrica - 26,41.924,Mini Fabrica - 30: deve=-39.001 | saldo=0.00000 | origem=nacional || Mini Fabrica - 26: deve=-2.923 | saldo=0.00000 | origem=nacional
183768,NAPA GARDA PU 1.0 + SARJA 7030/40 0.40,,35324,BRANCO OFF 526/CRU 20,,2,Mini Fabrica - 30 | Mini Fabrica - 38,100.041,Mini Fabrica - 30: deve=-97.751 | saldo=0.00000 | origem=nacional || Mini Fabrica - 38: deve=-2.29 | saldo=0.00000 | origem=nacional
184004,NAPA GARDA PU 1.0 (V P/V 24/25)+POLINYLON 11HML 2L+FORRO MILANO,,101878,CHOCOLATE 1271/PRETO 01/PRETO 01,,3,Mini Fabrica - 30 | Mini Fabrica - 43 | Mini Fabrica - 19,11.593,Mini Fabrica - 30: deve=-0.892 | saldo=0.00000 | origem=nacional || Mini Fabrica - 43: deve=-9.397 | saldo=0.00000 | origem=nacional || Mini Fabrica - 19: deve=-1.304 | saldo=0.00000 | origem=nacional
184004,NAPA GARDA PU 1.0 (V P/V 24/25)+POLINYLON 11HML 2L+FORRO MILANO,,108445,OLIVE 1469/BRANCO 15/NATURAL,,2,Mini Fabrica - 30 | Mini Fabrica - 40,2.282,Mini Fabrica - 30: deve=-0.316 | saldo=0.00000 | origem=nacional || Mini Fabrica - 40: deve=-1.966 | saldo=0.00000 | origem=nacional
197406,NAPA ONCA GRECIA PU 0.9 (B P/V 24/25)+VELVET,,96673,MULTI CAMEL 1165/PRETO,,2,Mini Fabrica - 30 | Mini Fabrica - 40,6.595,Mini Fabrica - 30: deve=-6.189 | saldo=0.00000 | origem=nacional || Mini Fabrica - 40: deve=-0.406 | saldo=0.00000 | origem=nacional
166815,GASPEA LOC VANILA(ACT 0/I 24) L.4842.101,PAR,39218,PRETO 01- PRETO 01,2,1,Mini Fabrica - 34,155.0,Mini Fabrica - 34: deve=-155.0 | saldo=287.00000 | origem=nacional
166815,GASPEA LOC VANILA(ACT 0/I 24) L.4842.101,PAR,39218,PRETO 01- PRETO 01,3,1,Mini Fabrica - 34,127.0,Mini Fabrica - 34: deve=-127.0 | saldo=0.00000 | origem=nacional
166815,GASPEA LOC VANILA(ACT 0/I 24) L.4842.101,PAR,95048,BRANCO OFF 1132-BRANCO OFF 1132,1,1,Mini Fabrica - 34,65.0,Mini Fabrica - 34: deve=-65.0 | saldo=0.00000 | origem=nacional
166815,GASPEA LOC VANILA(ACT 0/I 24) L.4842.101,PAR,95048,BRANCO OFF 1132-BRANCO OFF 1132,2,1,Mini Fabrica - 34,104.0,Mini Fabrica - 34: deve=-104.0 | saldo=0.00000 | origem=nacional
166815,GASPEA LOC VANILA(ACT 0/I 24) L.4842.101,PAR,95048,BRANCO OFF 1132-BRANCO OFF 1132,3,1,Mini Fabrica - 34,39.0,Mini Fabrica - 34: deve=-39.0 | saldo=0.00000 | origem=nacional
166815,GASPEA LOC VANILA(ACT 0/I 24) L.4842.101,PAR,98069,GRAFITE 1223-VIOLETA 1221,1,1,Mini Fabrica - 34,72.0,Mini Fabrica - 34: deve=-72.0 | saldo=0.00000 | origem=nacional
166815,GASPEA LOC VANILA(ACT 0/I 24) L.4842.101,PAR,98069,GRAFITE 1223-VIOLETA 1221,2,1,Mini Fabrica - 34,140.0,Mini Fabrica - 34: deve=-140.0 | saldo=287.00000 | origem=nacional
166815,GASPEA LOC VANILA(ACT 0/I 24) L.4842.101,PAR,98069,GRAFITE 1223-VIOLETA 1221,3,1,Mini Fabrica - 34,59.0,Mini Fabrica - 34: deve=-59.0 | saldo=150.00000 | origem=nacional
166815,GASPEA LOC VANILA(ACT 0/I 24) L.4842.101,PAR,98069,GRAFITE 1223-VIOLETA 1221,4,1,Mini Fabrica - 34,12.0,Mini Fabrica - 34: deve=-12.0 | saldo=0.00000 | origem=nacional
172305,GASPEA LOC BELGA(ACT 0/I 24) L.4914.220,PAR,15745,PRETO 01,2,1,Mini Fabrica - 34,130.0,Mini Fabrica - 34: deve=-130.0 | saldo=245.00000 | origem=nacional
193740,GASPEA+LINGUETA LOC SORELLE(ACT O/I 25)L.4858.101,PAR,106044,ROSA ANTIGO 1329-PINK 1332-CREME 1318,3,1,Mini Fabrica - 34,155.0,Mini Fabrica - 34: deve=-155.0 | saldo=390.00000 | origem=nacional
193740,GASPEA+LINGUETA LOC SORELLE(ACT O/I 25)L.4858.101,PAR,106045,BRANCO 99- ROSA ANTIGO 1329- CINZA CLARO 1322,2,1,Mini Fabrica - 34,209.0,Mini Fabrica - 34: deve=-209.0 | saldo=209.00000 | origem=nacional
193740,GASPEA+LINGUETA LOC SORELLE(ACT O/I 25)L.4858.101,PAR,106045,BRANCO 99- ROSA ANTIGO 1329- CINZA CLARO 1322,4,1,Mini Fabrica - 34,72.0,Mini Fabrica - 34: deve=-72.0 | saldo=0.00000 | origem=nacional
183344,NAPA GARDA PU 1.0 (V P/V 24/25),,105704,OSTRA 1431,,4,Mini Fabrica - 38 | Mini Fabrica - 40 | Mini Fabrica - 50 | Mini Fabrica - 16,23.158,Mini Fabrica - 38: deve=-4.81 | saldo=0.00000 | origem=nacional || Mini Fabrica - 40: deve=-3.48 | saldo=0.00000 | origem=nacional || Mini Fabrica - 50: deve=-14.502 | saldo=0.00000 | origem=nacional || Mini Fabrica - 16: deve=-0.366 | saldo=0.00000 | origem=nacional
192017,CAMURCAO LONDON PU 1.2(M O/I 2016)+TECIDO VELVET,,107133,CARAMELO 1450/CREME 516,,2,Mini Fabrica - 43 | Mini Fabrica - 68,77.378,Mini Fabrica - 43: deve=-74.962 | saldo=0.00000 | origem=nacional || Mini Fabrica - 68: deve=-2.416 | saldo=0.00000 | origem=nacional
196639,NAPA VELUNA 0.9 (MD O/I 26) - IMPORTADO+ SARJA 7030/40,,107559,CASTANHO 1455/CRU 20,,2,Mini Fabrica - 43 | Mini Fabrica - 10,9.575,Mini Fabrica - 43: deve=-2.063 | saldo=0.00000 | origem=nacional || Mini Fabrica - 10: deve=-7.512 | saldo=8.20000 | origem=nacional
183344,NAPA GARDA PU 1.0 (V P/V 24/25),,101321,CHOCOLATE 1271,,4,Mini Fabrica - 50 | Mini Fabrica - 19 | Mini Fabrica - 20 | Mini Fabrica - 38,116.593,Mini Fabrica - 50: deve=-98.151 | saldo=0.00000 | origem=nacional || Mini Fabrica - 19: deve=-0.418 | saldo=0.00000 | origem=nacional || Mini Fabrica - 20: deve=-8.0 | saldo=0.00000 | origem=nacional || Mini Fabrica - 38: deve=-10.024 | saldo=0.00000 | origem=nacional
166846,PECA TRAS+VISTA+IMPRESSAO ACTVITTA(FILME AUSTRALIA)L.4842.101,PAR,98070,GRAFITE 1223/BRANCO 99- VIOLETA 1221- GRAFITE 1223,1,1,Mini Fabrica - 68,72.0,Mini Fabrica - 68: deve=-72.0 | saldo=0.00000 | origem=nacional
166846,PECA TRAS+VISTA+IMPRESSAO ACTVITTA(FILME AUSTRALIA)L.4842.101,PAR,98070,GRAFITE 1223/BRANCO 99- VIOLETA 1221- GRAFITE 1223,2,1,Mini Fabrica - 68,140.0,Mini Fabrica - 68: deve=-140.0 | saldo=0.00000 | origem=nacional
166846,PECA TRAS+VISTA+IMPRESSAO ACTVITTA(FILME AUSTRALIA)L.4842.101,PAR,98070,GRAFITE 1223/BRANCO 99- VIOLETA 1221- GRAFITE 1223,3,1,Mini Fabrica - 68,80.0,Mini Fabrica - 68: deve=-80.0 | saldo=0.00000 | origem=nacional
166846,PECA TRAS+VISTA+IMPRESSAO ACTVITTA(FILME AUSTRALIA)L.4842.101,PAR,98070,GRAFITE 1223/BRANCO 99- VIOLETA 1221- GRAFITE 1223,4,1,Mini Fabrica - 68,12.0,Mini Fabrica - 68: deve=-12.0 | saldo=0.00000 | origem=nacional
166846,PECA TRAS+VISTA+IMPRESSAO ACTVITTA(FILME AUSTRALIA)L.4842.101,PAR,98071,BRANCO 99/PEACH 1216- VIOLETA 1221- BRANCO 99,2,1,Mini Fabrica - 68,61.0,Mini Fabrica - 68: deve=-61.0 | saldo=0.00000 | origem=nacional
166846,PECA TRAS+VISTA+IMPRESSAO ACTVITTA(FILME AUSTRALIA)L.4842.101,PAR,98072,PRETO 01/BRANCO 99-PRETO 01-BRANCO 99,1,1,Mini Fabrica - 68,123.0,Mini Fabrica - 68: deve=-123.0 | saldo=0.00000 | origem=nacional
166846,PECA TRAS+VISTA+IMPRESSAO ACTVITTA(FILME AUSTRALIA)L.4842.101,PAR,98072,PRETO 01/BRANCO 99-PRETO 01-BRANCO 99,2,1,Mini Fabrica - 68,229.0,Mini Fabrica - 68: deve=-229.0 | saldo=0.00000 | origem=nacional
166846,PECA TRAS+VISTA+IMPRESSAO ACTVITTA(FILME AUSTRALIA)L.4842.101,PAR,98072,PRETO 01/BRANCO 99-PRETO 01-BRANCO 99,3,1,Mini Fabrica - 68,127.0,Mini Fabrica - 68: deve=-127.0 | saldo=0.00000 | origem=nacional
166846,PECA TRAS+VISTA+IMPRESSAO ACTVITTA(FILME AUSTRALIA)L.4842.101,PAR,98072,PRETO 01/BRANCO 99-PRETO 01-BRANCO 99,4,1,Mini Fabrica - 68,21.0,Mini Fabrica - 68: deve=-21.0 | saldo=0.00000 | origem=nacional
166846,PECA TRAS+VISTA+IMPRESSAO ACTVITTA(FILME AUSTRALIA)L.4842.101,PAR,101077,BRANCO OFF 1132/BEGE 1174- AREIA 1137-BEGE 1174,1,1,Mini Fabrica - 68,65.0,Mini Fabrica - 68: deve=-65.0 | saldo=0.00000 | origem=nacional
166846,PECA TRAS+VISTA+IMPRESSAO ACTVITTA(FILME AUSTRALIA)L.4842.101,PAR,101077,BRANCO OFF 1132/BEGE 1174- AREIA 1137-BEGE 1174,2,1,Mini Fabrica - 68,104.0,Mini Fabrica - 68: deve=-104.0 | saldo=0.00000 | origem=nacional
166846,PECA TRAS+VISTA+IMPRESSAO ACTVITTA(FILME AUSTRALIA)L.4842.101,PAR,101077,BRANCO OFF 1132/BEGE 1174- AREIA 1137-BEGE 1174,3,1,Mini Fabrica - 68,39.0,Mini Fabrica - 68: deve=-39.0 | saldo=0.00000 | origem=nacional
172315,PECA TRAS EXT+ETIQ IMPRESSAO ACTVITTA(NP FLOT RUST)L.4914.220,PAR,100093,PRETO 01/GRAFITE 989- CINZA 1240,1,1,Mini Fabrica - 68,79.0,Mini Fabrica - 68: deve=-79.0 | saldo=0.00000 | origem=nacional
184731,PECA ETIQUETA+IMPRESSAO ACTVITTA(PVC AUSTRALIA L.4836.113,PAR,104694,PRETO 01/PRATA 1320,0,1,Mini Fabrica - 68,349.0,Mini Fabrica - 68: deve=-349.0 | saldo=0.00000 | origem=nacional
186850,PECA DET+IMPRESSAO ACTVITTA(FILME AUSTRALIA)L.4853.100(ACT 0/I 25),PAR,107716,CHUMBO 1321/ROSA ANTIGO 1329,3,1,Mini Fabrica - 68,59.0,Mini Fabrica - 68: deve=-59.0 | saldo=0.00000 | origem=nacional
186850,PECA DET+IMPRESSAO ACTVITTA(FILME AUSTRALIA)L.4853.100(ACT 0/I 25),PAR,107716,CHUMBO 1321/ROSA ANTIGO 1329,4,1,Mini Fabrica - 68,30.0,Mini Fabrica - 68: deve=-30.0 | saldo=0.00000 | origem=nacional
186850,PECA DET+IMPRESSAO ACTVITTA(FILME AUSTRALIA)L.4853.100(ACT 0/I 25),PAR,109942,HIBISCO 1496/BRANCO 99,2,1,Mini Fabrica - 68,12.0,Mini Fabrica - 68: deve=-12.0 | saldo=0.00000 | origem=nacional
186850,PECA DET+IMPRESSAO ACTVITTA(FILME AUSTRALIA)L.4853.100(ACT 0/I 25),PAR,109942,HIBISCO 1496/BRANCO 99,3,1,Mini Fabrica - 68,13.0,Mini Fabrica - 68: deve=-13.0 | saldo=0.00000 | origem=nacional
186850,PECA DET+IMPRESSAO ACTVITTA(FILME AUSTRALIA)L.4853.100(ACT 0/I 25),PAR,109942,HIBISCO 1496/BRANCO 99,4,1,Mini Fabrica - 68,5.0,Mini Fabrica - 68: deve=-5.0 | saldo=0.00000 | origem=nacional
190730,PECA VISTA LAT EXT IMPRESSAO ACTVITTA(NP FLOT RUST NEO+TACK)L.4829.527,PAR,104701,COBALTO 1319/TURQUESA 1315- VIOLETA 1221,1,1,Mini Fabrica - 68,16.0,Mini Fabrica - 68: deve=-16.0 | saldo=0.00000 | origem=nacional
190730,PECA VISTA LAT EXT IMPRESSAO ACTVITTA(NP FLOT RUST NEO+TACK)L.4829.527,PAR,104701,COBALTO 1319/TURQUESA 1315- VIOLETA 1221,2,1,Mini Fabrica - 68,457.0,Mini Fabrica - 68: deve=-457.0 | saldo=0.00000 | origem=nacional
190730,PECA VISTA LAT EXT IMPRESSAO ACTVITTA(NP FLOT RUST NEO+TACK)L.4829.527,PAR,104701,COBALTO 1319/TURQUESA 1315- VIOLETA 1221,3,1,Mini Fabrica - 68,422.0,Mini Fabrica - 68: deve=-422.0 | saldo=0.00000 | origem=nacional
196153,PECA VISTA+LATERAL IMPRESSAO ACTVITTA(PVC AUSTRALIA)L.4946.101,PAR,107408,PRETO 01/CORAL NEON 957- CHUMBO 1321,1,1,Mini Fabrica - 68,24.0,Mini Fabrica - 68: deve=-24.0 | saldo=0.00000 | origem=nacional
196153,PECA VISTA+LATERAL IMPRESSAO ACTVITTA(PVC AUSTRALIA)L.4946.101,PAR,107408,PRETO 01/CORAL NEON 957- CHUMBO 1321,2,2,Mini Fabrica - 68 | Mini Fabrica - 69,131.0,Mini Fabrica - 68: deve=-51.0 | saldo=0.00000 | origem=nacional || Mini Fabrica - 69: deve=-80.0 | saldo=0.00000 | origem=nacional
196366,PECA VISTA+LAT.+ET. IMPRESSAO ACTVITTA (PVC AUSTRALIA)L.4829.331,PAR,107483,PRETO 01/VIOLETA 1221- TURQUESA 1315,1,1,Mini Fabrica - 68,16.0,Mini Fabrica - 68: deve=-16.0 | saldo=0.00000 | origem=nacional
196484,PECA VISTA IMPRESSAO ACTVITTA (PVC AUSTRALIA)L.4853.108,PAR,104361,PRETO 01/TURQUESA 1315- VIOLETA 1221,4,2,Mini Fabrica - 68 | Mini Fabrica - 69,13.0,Mini Fabrica - 68: deve=-12.0 | saldo=0.00000 | origem=nacional || Mini Fabrica - 69: deve=-1.0 | saldo=0.00000 | origem=nacional
201729,PECA LATERAL IMPRESSAO ACTVITTA(PVC AUSTRALIA)L.4853.109,PAR,103671,CHUMBO 1321/PRETO 01,0,1,Mini Fabrica - 68,284.0,Mini Fabrica - 68: deve=-284.0 | saldo=0.00000 | origem=nacional
201729,PECA LATERAL IMPRESSAO ACTVITTA(PVC AUSTRALIA)L.4853.109,PAR,108584,CAMEL 778/BRANCO OFF 1132,0,1,Mini Fabrica - 68,152.0,Mini Fabrica - 68: deve=-152.0 | saldo=0.00000 | origem=nacional
201729,PECA LATERAL IMPRESSAO ACTVITTA(PVC AUSTRALIA)L.4853.109,PAR,109008,BRANCO OFF 1132/HIBISCO 1496,0,1,Mini Fabrica - 68,32.0,Mini Fabrica - 68: deve=-32.0 | saldo=0.00000 | origem=nacional
184731,PECA ETIQUETA+IMPRESSAO ACTVITTA(PVC AUSTRALIA L.4836.113,PAR,21007,BRANCO 99/PRETO 01,0,1,Mini Fabrica - 69,6.0,Mini Fabrica - 69: deve=-6.0 | saldo=0.00000 | origem=nacional
184731,PECA ETIQUETA+IMPRESSAO ACTVITTA(PVC AUSTRALIA L.4836.113,PAR,103570,PRETO 01/DOURADO 1334,0,1,Mini Fabrica - 69,1095.0,Mini Fabrica - 69: deve=-1095.0 | saldo=0.00000 | origem=nacional
192470,GASPEA LOC BAFFIN(ACT O/I 25)L.4935.108+SARJA 7030,PAR,103560,PRETO 01- CHUMBO 1321,3,1,Mini Fabrica - 69,264.0,Mini Fabrica - 69: deve=-264.0 | saldo=0.00000 | origem=nacional
192470,GASPEA LOC BAFFIN(ACT O/I 25)L.4935.108+SARJA 7030,PAR,103560,PRETO 01-,4,1,Mini Fabrica - 69,35.0,Mini Fabrica - 69: deve=-35.0 | saldo=0.00000 | origem=nacional
192470,GASPEA LOC BAFFIN(ACT O/I 25)L.4935.108+SARJA 7030,PAR,107848,IRON 1452- MARINHO 1128,1,1,Mini Fabrica - 69,5.0,Mini Fabrica - 69: deve=-5.0 | saldo=0.00000 | origem=nacional
192470,GASPEA LOC BAFFIN(ACT O/I 25)L.4935.108+SARJA 7030,PAR,107848,IRON 1452- MARINHO 1128,2,1,Mini Fabrica - 69,10.0,Mini Fabrica - 69: deve=-10.0 | saldo=0.00000 | origem=nacional
192470,GASPEA LOC BAFFIN(ACT O/I 25)L.4935.108+SARJA 7030,PAR,107848,IRON 1452- MARINHO 1128,3,1,Mini Fabrica - 69,8.0,Mini Fabrica - 69: deve=-8.0 | saldo=0.00000 | origem=nacional
192470,GASPEA LOC BAFFIN(ACT O/I 25)L.4935.108+SARJA 7030,PAR,107848,IRON 1452- MARINHO 1128,4,1,Mini Fabrica - 69,1.0,Mini Fabrica - 69: deve=-1.0 | saldo=0.00000 | origem=nacional
192470,GASPEA LOC BAFFIN(ACT O/I 25)L.4935.108+SARJA 7030,PAR,110119,CAMEL 1528- PRETO 01,1,1,Mini Fabrica - 69,4.0,Mini Fabrica - 69: deve=-4.0 | saldo=0.00000 | origem=nacional
192470,GASPEA LOC BAFFIN(ACT O/I 25)L.4935.108+SARJA 7030,PAR,110119,CAMEL 1528- PRETO 01,2,1,Mini Fabrica - 69,10.0,Mini Fabrica - 69: deve=-10.0 | saldo=0.00000 | origem=nacional
192470,GASPEA LOC BAFFIN(ACT O/I 25)L.4935.108+SARJA 7030,PAR,110119,CAMEL 1528- PRETO 01,3,1,Mini Fabrica - 69,5.0,Mini Fabrica - 69: deve=-5.0 | saldo=0.00000 | origem=nacional
192470,GASPEA LOC BAFFIN(ACT O/I 25)L.4935.108+SARJA 7030,PAR,110119,CAMEL 1528- PRETO 01,4,1,Mini Fabrica - 69,1.0,Mini Fabrica - 69: deve=-1.0 | saldo=0.00000 | origem=nacional
192552,PECA VISTA+IMPRESSAO ACTVITTA(PVC AUSTRALIA)L.4917.118,PAR,94023,PRETO 01/AREIA 1137,2,1,Mini Fabrica - 69,305.0,Mini Fabrica - 69: deve=-305.0 | saldo=0.00000 | origem=nacional
192552,PECA VISTA+IMPRESSAO ACTVITTA(PVC AUSTRALIA)L.4917.118,PAR,94023,PRETO 01/AREIA 1137,3,1,Mini Fabrica - 69,197.0,Mini Fabrica - 69: deve=-197.0 | saldo=0.00000 | origem=nacional
193828,PECA VISTA+LAT EXT IMPRESSAO ACTVITTA(PVC AUSTRALIA)L.4946.102,PAR,103675,PRETO 01/CHUMBO 1321- BRANCO 99,3,1,Mini Fabrica - 69,138.0,Mini Fabrica - 69: deve=-138.0 | saldo=0.00000 | origem=nacional
196153,PECA VISTA+LATERAL IMPRESSAO ACTVITTA(PVC AUSTRALIA)L.4946.101,PAR,107408,PRETO 01/CORAL NEON 957- CHUMBO 1321,3,1,Mini Fabrica - 69,57.0,Mini Fabrica - 69: deve=-57.0 | saldo=0.00000 | origem=nacional
196187,PECA ETIQ.+IMP.ACTVITTA(PVC AUSTRALIA S/FILME)L.4859.202,PAR,103640,PRETO 01/CINZA CLARO 1322,0,1,Mini Fabrica - 69,270.0,Mini Fabrica - 69: deve=-270.0 | saldo=0.00000 | origem=nacional
202019,LAT.+VISTA DIR/ESQ. IMPRES.ACTVITTA(NAP.FLOT RUST.NEO 1.4+VELVET)L.4917.119,PAR,108833,PTO 01/PTO 01-CHUM.1321- CAM.778- CARAM.1202-BRANCO OFF 1132,1,1,Mini Fabrica - 69,12.0,Mini Fabrica - 69: deve=-12.0 | saldo=0.00000 | origem=nacional
202019,LAT.+VISTA DIR/ESQ. IMPRES.ACTVITTA(NAP.FLOT RUST.NEO 1.4+VELVET)L.4917.119,PAR,108833,PTO 01/PTO 01-CHUM.1321- CAM.778- CARAM.1202-BRANCO OFF 1132,2,1,Mini Fabrica - 69,65.0,Mini Fabrica - 69: deve=-65.0 | saldo=0.00000 | origem=nacional
202019,LAT.+VISTA DIR/ESQ. IMPRES.ACTVITTA(NAP.FLOT RUST.NEO 1.4+VELVET)L.4917.119,PAR,108833,PTO 01/PTO 01-CHUM.1321- CAM.778- CARAM.1202-BRANCO OFF 1132,3,1,Mini Fabrica - 69,21.0,Mini Fabrica - 69: deve=-21.0 | saldo=0.00000 | origem=nacional
202019,LAT.+VISTA DIR/ESQ. IMPRES.ACTVITTA(NAP.FLOT RUST.NEO 1.4+VELVET)L.4917.119,PAR,108833,PTO 01/PTO 01-CHUM.1321- CAM.778- CARAM.1202-BRANCO OFF 1132,4,1,Mini Fabrica - 69,33.0,Mini Fabrica - 69: deve=-33.0 | saldo=0.00000 | origem=nacional
202019,LAT.+VISTA DIR/ESQ. IMPRES.ACTVITTA(NAP.FLOT RUST.NEO 1.4+VELVET)L.4917.119,PAR,109806,MARINHO1128/MAR.11 28-IRON1452- CAR.1202-BRCO OFF 1132,1,1,Mini Fabrica - 69,7.0,Mini Fabrica - 69: deve=-7.0 | saldo=0.00000 | origem=nacional
202019,LAT.+VISTA DIR/ESQ. IMPRES.ACTVITTA(NAP.FLOT RUST.NEO 1.4+VELVET)L.4917.119,PAR,109806,MARINHO1128/MAR.11 28-IRON1452- CAR.1202-BRCO OFF 1132,2,1,Mini Fabrica - 69,15.0,Mini Fabrica - 69: deve=-15.0 | saldo=0.00000 | origem=nacional
202019,LAT.+VISTA DIR/ESQ. IMPRES.ACTVITTA(NAP.FLOT RUST.NEO 1.4+VELVET)L.4917.119,PAR,109806,MARINHO1128/MAR.11 28-IRON1452- CAR.1202-BRCO OFF 1132,3,1,Mini Fabrica - 69,14.0,Mini Fabrica - 69: deve=-14.0 | saldo=0.00000 | origem=nacional
202019,LAT.+VISTA DIR/ESQ. IMPRES.ACTVITTA(NAP.FLOT RUST.NEO 1.4+VELVET)L.4917.119,PAR,109806,MARINHO1128/MAR.11 28-IRON1452- CAR.1202-BRCO OFF 1132,4,1,Mini Fabrica - 69,8.0,Mini Fabrica - 69: deve=-8.0 | saldo=0.00000 | origem=nacional
202019,LAT.+VISTA DIR/ESQ. IMPRES.ACTVITTA(NAP.FLOT RUST.NEO 1.4+VELVET)L.4917.119,PAR,109807,CAFE 569/CAFE 569-AREIA 1137-PRETO01- CARAM.1202-BCO OFF 1132,1,1,Mini Fabrica - 69,6.0,Mini Fabrica - 69: deve=-6.0 | saldo=0.00000 | origem=nacional
202019,LAT.+VISTA DIR/ESQ. IMPRES.ACTVITTA(NAP.FLOT RUST.NEO 1.4+VELVET)L.4917.119,PAR,109807,CAFE 569/CAFE 569-AREIA 1137-PRETO01- CARAM.1202-BCO OFF 1132,2,1,Mini Fabrica - 69,11.0,Mini Fabrica - 69: deve=-11.0 | saldo=0.00000 | origem=nacional
202019,LAT.+VISTA DIR/ESQ. IMPRES.ACTVITTA(NAP.FLOT RUST.NEO 1.4+VELVET)L.4917.119,PAR,109807,CAFE 569/CAFE 569-AREIA 1137-PRETO01- CARAM.1202-BCO OFF 1132,3,1,Mini Fabrica - 69,11.0,Mini Fabrica - 69: deve=-11.0 | saldo=0.00000 | origem=nacional
202019,LAT.+VISTA DIR/ESQ. IMPRES.ACTVITTA(NAP.FLOT RUST.NEO 1.4+VELVET)L.4917.119,PAR,109807,CAFE 569/CAFE 569-AREIA 1137-PRETO01- CARAM.1202-BCO OFF 1132,4,1,Mini Fabrica - 69,4.0,Mini Fabrica - 69: deve=-4.0 | saldo=0.00000 | origem=nacional
203227,ETIQ.+IMPR.ACTVITTA (AUSTRALIA S/FILME)TAM2:37/40 TAM4:41/44 L.4935.111,PAR,21007,BRANCO 99/PRETO 01,2,1,Mini Fabrica - 69,12.0,Mini Fabrica - 69: deve=-12.0 | saldo=0.00000 | origem=nacional
203227,ETIQ.+IMPR.ACTVITTA (AUSTRALIA S/FILME)TAM2:37/40 TAM4:41/44 L.4935.111,PAR,21007,BRANCO 99/PRETO 01,4,1,Mini Fabrica - 69,16.0,Mini Fabrica - 69: deve=-16.0 | saldo=0.00000 | origem=nacional
203227,ETIQ.+IMPR.ACTVITTA (AUSTRALIA S/FILME)TAM2:37/40 TAM4:41/44 L.4935.111,PAR,93562,MARINHO 1128/BRANCO 99,2,1,Mini Fabrica - 69,82.0,Mini Fabrica - 69: deve=-82.0 | saldo=0.00000 | origem=nacional
203227,ETIQ.+IMPR.ACTVITTA (AUSTRALIA S/FILME)TAM2:37/40 TAM4:41/44 L.4935.111,PAR,93718,PRETO 01/BRANCO OFF 1132,2,1,Mini Fabrica - 69,1110.0,Mini Fabrica - 69: deve=-1110.0 | saldo=0.00000 | origem=nacional
203227,ETIQ.+IMPR.ACTVITTA (AUSTRALIA S/FILME)TAM2:37/40 TAM4:41/44 L.4935.111,PAR,93718,PRETO 01/BRANCO OFF 1132,4,1,Mini Fabrica - 69,558.0,Mini Fabrica - 69: deve=-558.0 | saldo=0.00000 | origem=nacional
203227,ETIQ.+IMPR.ACTVITTA (AUSTRALIA S/FILME)TAM2:37/40 TAM4:41/44 L.4935.111,PAR,108584,CAMEL 778/BRANCO OFF 1132,2,1,Mini Fabrica - 69,296.0,Mini Fabrica - 69: deve=-296.0 | saldo=0.00000 | origem=nacional
203227,ETIQ.+IMPR.ACTVITTA (AUSTRALIA S/FILME)TAM2:37/40 TAM4:41/44 L.4935.111,PAR,108584,CAMEL 778/BRANCO OFF 1132,4,1,Mini Fabrica - 69,288.0,Mini Fabrica - 69: deve=-288.0 | saldo=0.00000 | origem=nacional
56577,FORRO MILANO PU 0.7(B O/I 2014),,72374,CAFE 856,,2,Mini Fabrica - 6 | Mini Fabrica - 50,11.092,Mini Fabrica - 6: deve=-10.0 | saldo=134.00000 | origem=nacional || Mini Fabrica - 50: deve=-1.092 | saldo=134.00000 | origem=nacional
58623,FORRO MILANO PU 0.7(B O/I 2014)+FILME TPU SC 50,,29452,BEGE 435,,4,Mini Fabrica - 6 | Mini Fabrica - 19 | Mini Fabrica - 38 | Mini Fabrica - 68,40.659,Mini Fabrica - 6: deve=-14.284 | saldo=25.00000 | origem=nacional || Mini Fabrica - 19: deve=-0.661 | saldo=25.00000 | origem=nacional || Mini Fabrica - 38: deve=-25.594 | saldo=25.00000 | origem=nacional || Mini Fabrica - 68: deve=-0.12 | saldo=25.00000 | origem=nacional
67244,NAPA TURIM PU 1.0 (B P/V 15/16),,29452,BEGE 435,,4,Mini Fabrica - 6 | Mini Fabrica - 16 | Mini Fabrica - 19 | Mini Fabrica - 50,37.555,Mini Fabrica - 6: deve=-19.95 | saldo=25.00000 | origem=nacional || Mini Fabrica - 16: deve=-5.481 | saldo=25.00000 | origem=nacional || Mini Fabrica - 19: deve=-2.481 | saldo=25.00000 | origem=nacional || Mini Fabrica - 50: deve=-9.643 | saldo=25.00000 | origem=nacional
67244,NAPA TURIM PU 1.0 (B P/V 15/16),,52531,NUDE 658,,3,Mini Fabrica - 6 | Mini Fabrica - 9 | Mini Fabrica - 19,44.562,Mini Fabrica - 6: deve=-7.887 | saldo=0.00000 | origem=nacional || Mini Fabrica - 9: deve=-19.197 | saldo=0.00000 | origem=nacional || Mini Fabrica - 19: deve=-17.478 | saldo=0.00000 | origem=nacional
84629,VERNIZ PREMIUM PU 1.0 (M/MD O/I 2017)+ SARJA 7030/40 0.40,,29498,BEGE 435/CRU 20,,2,Mini Fabrica - 6 | Mini Fabrica - 9,0.749,Mini Fabrica - 6: deve=-0.038 | saldo=13.40000 | origem=nacional || Mini Fabrica - 9: deve=-0.711 | saldo=13.40000 | origem=nacional
183344,NAPA GARDA PU 1.0 (V P/V 24/25),,35312,BRANCO OFF 526,,8,Mini Fabrica - 6 | Mini Fabrica - 16 | Mini Fabrica - 19 | Mini Fabrica - 30 | Mini Fabrica - 38 | Mini Fabrica - 40 | Mini Fabrica - 43 | Mini Fabrica - 50,264.766,Mini Fabrica - 6: deve=-0.366 | saldo=0.00000 | origem=nacional || Mini Fabrica - 16: deve=-71.844 | saldo=0.00000 | origem=nacional || Mini Fabrica - 19: deve=-19.416 | saldo=0.00000 | origem=nacional || Mini Fabrica - 30: deve=-5.763 | saldo=0.00000 | origem=nacional || Mini Fabrica - 38: deve=-0.277 | saldo=0.00000 | origem=nacional || Mini Fabrica - 40: deve=-41.389 | saldo=0.00000 | origem=nacional || Mini Fabrica - 43: deve=-6.478 | saldo=0.00000 | origem=nacional || Mini Fabrica - 50: deve=-119.233 | saldo=0.00000 | origem=nacional
202378,"NAPA ESSELENCE PU 0.9+SARJA 7030+SPO40G+ESP.PU2,5 D30+CACHAREL CONFORT",,35738,BRANCO OFF 526/CRU 20/BEGE 435,,2,Mini Fabrica - 6 | Mini Fabrica - 26,14.472,Mini Fabrica - 6: deve=-10.392 | saldo=0.00000 | origem=nacional || Mini Fabrica - 26: deve=-4.08 | saldo=0.00000 | origem=nacional
202378,"NAPA ESSELENCE PU 0.9+SARJA 7030+SPO40G+ESP.PU2,5 D30+CACHAREL CONFORT",,109577,AVELA 1248/CRU 20/BEGE 435,,2,Mini Fabrica - 6 | Mini Fabrica - 26,11.716,Mini Fabrica - 6: deve=-6.82 | saldo=0.00000 | origem=nacional || Mini Fabrica - 26: deve=-4.896 | saldo=0.00000 | origem=nacional
44187,"CACHAREL SOFT(B P/V 11/12)+ESP PU 1,5 D30+SPONL 40GR ANTI-MICROBIANO",,35313,CREME 516,,2,Mini Fabrica - 9 | Mini Fabrica - 68,35.376,Mini Fabrica - 9: deve=-32.426 | saldo=294.00000 | origem=nacional || Mini Fabrica - 68: deve=-2.95 | saldo=294.00000 | origem=nacional
47527,FORRO FIORI (V P/V 12/13),,26926,CAMEL 408,,2,Mini Fabrica - 9 | Mini Fabrica - 50,38.217,Mini Fabrica - 9: deve=-9.083 | saldo=0.00000 | origem=nacional || Mini Fabrica - 50: deve=-29.134 | saldo=0.00000 | origem=nacional
56427,PELICA PU 1.0 (V O/I 2014),,15745,PRETO 01,,4,Mini Fabrica - 9 | Mini Fabrica - 10 | Mini Fabrica - 16 | Mini Fabrica - 50,98.976,Mini Fabrica - 9: deve=-6.277 | saldo=0.00000 | origem=nacional || Mini Fabrica - 10: deve=-50.19 | saldo=0.00000 | origem=nacional || Mini Fabrica - 16: deve=-15.61 | saldo=0.00000 | origem=nacional || Mini Fabrica - 50: deve=-26.899 | saldo=0.00000 | origem=nacional
56427,PELICA PU 1.0 (V O/I 2014),,29452,BEGE 435,,2,Mini Fabrica - 9 | Mini Fabrica - 50,2.23,Mini Fabrica - 9: deve=-2.126 | saldo=0.00000 | origem=nacional || Mini Fabrica - 50: deve=-0.104 | saldo=0.00000 | origem=nacional
63609,FORRO MILANO PU 0.7+PX25+FILME PU 400,,50,NATURAL,,2,Mini Fabrica - 9 | Mini Fabrica - 19,176.356,Mini Fabrica - 9: deve=-79.006 | saldo=229.40000 | origem=nacional || Mini Fabrica - 19: deve=-97.35 | saldo=229.40000 | origem=nacional
67244,NAPA TURIM PU 1.0 (B P/V 15/16),,15745,PRETO 01,,3,Mini Fabrica - 9 | Mini Fabrica - 16 | Mini Fabrica - 43,25.642,Mini Fabrica - 9: deve=-15.265 | saldo=0.00000 | origem=nacional || Mini Fabrica - 16: deve=-3.046 | saldo=0.00000 | origem=nacional || Mini Fabrica - 43: deve=-7.331 | saldo=0.00000 | origem=nacional
67244,NAPA TURIM PU 1.0 (B P/V 15/16),,107613,TERRACOTA 1477,,3,Mini Fabrica - 9 | Mini Fabrica - 19 | Mini Fabrica - 20,22.688,Mini Fabrica - 9: deve=-0.651 | saldo=26.00000 | origem=nacional || Mini Fabrica - 19: deve=-16.037 | saldo=26.00000 | origem=nacional || Mini Fabrica - 20: deve=-6.0 | saldo=26.00000 | origem=nacional
67345,NAPA TURIM PU 1.0 + SARJA 7030/40 0.40,,35324,BRANCO OFF 526/CRU 20,,2,Mini Fabrica - 9 | Mini Fabrica - 26,16.002,Mini Fabrica - 9: deve=-12.138 | saldo=94.30000 | origem=nacional || Mini Fabrica - 26: deve=-3.864 | saldo=94.30000 | origem=nacional
73034,NAPA TURIM PU 1.0 (B P/V 15/16)+BASE FLEX 1.0,,96142,CAMEL 1165/BISCOITO,,4,Mini Fabrica - 9 | Mini Fabrica - 16 | Mini Fabrica - 24 | Mini Fabrica - 26,129.758,Mini Fabrica - 9: deve=-26.133 | saldo=1.50000 | origem=nacional || Mini Fabrica - 16: deve=-51.822 | saldo=1.50000 | origem=nacional || Mini Fabrica - 24: deve=-19.872 | saldo=1.50000 | origem=nacional || Mini Fabrica - 26: deve=-31.931 | saldo=1.50000 | origem=nacional
76853,METAL GLAMOUR PU 0.9 (V P/V 16/17),,41,PRATA,,3,Mini Fabrica - 9 | Mini Fabrica - 19 | Mini Fabrica - 40,9.183,Mini Fabrica - 9: deve=-1.374 | saldo=0.00000 | origem=nacional || Mini Fabrica - 19: deve=-3.513 | saldo=0.00000 | origem=nacional || Mini Fabrica - 40: deve=-4.296 | saldo=0.00000 | origem=nacional
94157,NAPA TURIM PU 1.0+VELVET,,15787,PRETO 01/PRETO,,2,Mini Fabrica - 9 | Mini Fabrica - 40,62.112,Mini Fabrica - 9: deve=-12.927 | saldo=84.00000 | origem=nacional || Mini Fabrica - 40: deve=-49.185 | saldo=84.00000 | origem=nacional
138672,NAPA FLOATHER NATURE PU 1.0 (MD P/V 20/21)+VELVET,,104327,VERDE SALVIA 1401/CREME 516,,2,Mini Fabrica - 9 | Mini Fabrica - 10,16.672,Mini Fabrica - 9: deve=-6.344 | saldo=29.00000 | origem=nacional || Mini Fabrica - 10: deve=-10.328 | saldo=29.00000 | origem=nacional
168873,NAPA CALF PU 0.9 ( P/V 24/25),,15745,PRETO 01,,4,Mini Fabrica - 9 | Mini Fabrica - 16 | Mini Fabrica - 40 | Mini Fabrica - 50,207.93,Mini Fabrica - 9: deve=-110.314 | saldo=0.00000 | origem=nacional || Mini Fabrica - 16: deve=-1.36 | saldo=0.00000 | origem=nacional || Mini Fabrica - 40: deve=-13.952 | saldo=0.00000 | origem=nacional || Mini Fabrica - 50: deve=-82.304 | saldo=0.00000 | origem=nacional
168873,NAPA CALF PU 0.9 ( P/V 24/25),,102051,AREIA 1286,,2,Mini Fabrica - 9 | Mini Fabrica - 50,119.451,Mini Fabrica - 9: deve=-100.434 | saldo=0.00000 | origem=nacional || Mini Fabrica - 50: deve=-19.017 | saldo=0.00000 | origem=nacional
192801,BRILHO ITALIA PU 0.9 (P/V 25/26),,23146,OURO ROSADO,,4,Mini Fabrica - 9 | Mini Fabrica - 19 | Mini Fabrica - 40 | Mini Fabrica - 50,88.86,Mini Fabrica - 9: deve=-43.404 | saldo=0.00000 | origem=nacional || Mini Fabrica - 19: deve=-1.465 | saldo=0.00000 | origem=nacional || Mini Fabrica - 40: deve=-19.66 | saldo=0.00000 | origem=nacional || Mini Fabrica - 50: deve=-24.331 | saldo=0.00000 | origem=nacional
196639,NAPA VELUNA 0.9 (MD O/I 26) - IMPORTADO+ SARJA 7030/40,,106878,CHOCOLATE 1456/PRETO 01,,2,Mini Fabrica - 9 | Mini Fabrica - 10,104.383,Mini Fabrica - 9: deve=-94.674 | saldo=128.00000 | origem=nacional || Mini Fabrica - 10: deve=-9.709 | saldo=128.00000 | origem=nacional
56427,PELICA PU 1.0 (V O/I 2014),,83508,CAFE 987,,2,Mini Fabrica - 10 | Mini Fabrica - 50,22.64,Mini Fabrica - 10: deve=-8.25 | saldo=40.00000 | origem=nacional || Mini Fabrica - 50: deve=-14.39 | saldo=40.00000 | origem=nacional
151481,"CACHAREL RUN (MLK)+ESP PU 1,5 D30+SP 40GR ANTI-MICROBIANO",,108772,CAMEL 778/BRANCO 15- BRANCO 15,,2,Mini Fabrica - 10 | Mini Fabrica - 34,9.063,Mini Fabrica - 10: deve=-8.22 | saldo=0.00000 | origem=nacional || Mini Fabrica - 34: deve=-0.843 | saldo=0.00000 | origem=nacional
173406,GASPEA LOC PESARO(ACT 0/I 24) L.4935.100,PAR,93237,MARINHO 1128,2,1,Mini Fabrica - 10,408.0,Mini Fabrica - 10: deve=-408.0 | saldo=0.00000 | origem=nacional
173406,GASPEA LOC PESARO(ACT 0/I 24) L.4935.100,PAR,93237,MARINHO 1128,4,1,Mini Fabrica - 10,449.0,Mini Fabrica - 10: deve=-449.0 | saldo=86.00000 | origem=nacional
23124,TERMOPONTO P345/11 - 120,,3,PRETO,,3,Mini Fabrica - 16 | Mini Fabrica - 19 | Mini Fabrica - 40,29.051,Mini Fabrica - 16: deve=-0.425 | saldo=117.00000 | origem=nacional || Mini Fabrica - 19: deve=-21.04 | saldo=117.00000 | origem=nacional || Mini Fabrica - 40: deve=-7.586 | saldo=117.00000 | origem=nacional
23124,TERMOPONTO P345/11 - 120,,50,NATURAL,,2,Mini Fabrica - 16 | Mini Fabrica - 19,8.76,Mini Fabrica - 16: deve=-0.6 | saldo=186.00000 | origem=nacional || Mini Fabrica - 19: deve=-8.16 | saldo=186.00000 | origem=nacional
56577,FORRO MILANO PU 0.7(B O/I 2014),,83517,CREME 985,,2,Mini Fabrica - 16 | Mini Fabrica - 19,44.374,Mini Fabrica - 16: deve=-3.665 | saldo=152.00000 | origem=nacional || Mini Fabrica - 19: deve=-40.709 | saldo=152.00000 | origem=nacional
56577,FORRO MILANO PU 0.7(B O/I 2014),,101321,CHOCOLATE 1271,,4,Mini Fabrica - 16 | Mini Fabrica - 19 | Mini Fabrica - 40 | Mini Fabrica - 50,68.371,Mini Fabrica - 16: deve=-22.8 | saldo=50.00000 | origem=nacional || Mini Fabrica - 19: deve=-18.459 | saldo=50.00000 | origem=nacional || Mini Fabrica - 40: deve=-12.756 | saldo=50.00000 | origem=nacional || Mini Fabrica - 50: deve=-14.356 | saldo=50.00000 | origem=nacional
128938,NAPA FLOATHER NATURE PU 1.0 (MD P/V 20/21),,15745,PRETO 01,,2,Mini Fabrica - 16 | Mini Fabrica - 50,141.927,Mini Fabrica - 16: deve=-0.193 | saldo=0.00000 | origem=nacional || Mini Fabrica - 50: deve=-141.734 | saldo=0.00000 | origem=nacional
128939,NAPA FLOATHER NATURE PU 1.0 (MD P/V 20/21) + SARJA 7030/40,,100769,AVELA 1248/CRU 20,,3,Mini Fabrica - 16 | Mini Fabrica - 26 | Mini Fabrica - 43,16.041,Mini Fabrica - 16: deve=-8.411 | saldo=84.00000 | origem=nacional || Mini Fabrica - 26: deve=-0.981 | saldo=84.00000 | origem=nacional || Mini Fabrica - 43: deve=-6.649 | saldo=84.00000 | origem=nacional
135523,NAPA GENEBRA PU 1.2 (B O/I 2020) - IMPORTADO,,15745,PRETO 01,,4,Mini Fabrica - 16 | Mini Fabrica - 19 | Mini Fabrica - 50 | Mini Fabrica - 68,93.226,Mini Fabrica - 16: deve=-28.41 | saldo=120.00000 | origem=nacional || Mini Fabrica - 19: deve=-19.146 | saldo=120.00000 | origem=nacional || Mini Fabrica - 50: deve=-7.07 | saldo=120.00000 | origem=nacional || Mini Fabrica - 68: deve=-38.6 | saldo=120.00000 | origem=nacional
168873,NAPA CALF PU 0.9 ( P/V 24/25),,35312,BRANCO OFF 526,,3,Mini Fabrica - 16 | Mini Fabrica - 40 | Mini Fabrica - 50,129.292,Mini Fabrica - 16: deve=-3.99 | saldo=0.00000 | origem=nacional || Mini Fabrica - 40: deve=-13.888 | saldo=0.00000 | origem=nacional || Mini Fabrica - 50: deve=-111.414 | saldo=0.00000 | origem=nacional
168873,NAPA CALF PU 0.9 ( P/V 24/25),,101321,CHOCOLATE 1271,,2,Mini Fabrica - 16 | Mini Fabrica - 50,33.38,Mini Fabrica - 16: deve=-4.97 | saldo=28.00000 | origem=nacional || Mini Fabrica - 50: deve=-28.41 | saldo=28.00000 | origem=nacional
184017,NAPA GARDA PU 1.0 (V P/V 24/25)+TECIDO VELVET,,15758,PRETO 01/PRETO 01,,2,Mini Fabrica - 16 | Mini Fabrica - 40,20.981,Mini Fabrica - 16: deve=-19.06 | saldo=31.00000 | origem=nacional || Mini Fabrica - 40: deve=-1.921 | saldo=31.00000 | origem=nacional
192801,BRILHO ITALIA PU 0.9 (P/V 25/26),,104337,BRONZE 1402,,3,Mini Fabrica - 16 | Mini Fabrica - 43 | Mini Fabrica - 50,22.691,Mini Fabrica - 16: deve=-2.113 | saldo=62.00000 | origem=nacional || Mini Fabrica - 43: deve=-4.923 | saldo=62.00000 | origem=nacional || Mini Fabrica - 50: deve=-15.655 | saldo=62.00000 | origem=nacional
56577,FORRO MILANO PU 0.7(B O/I 2014),,50,NATURAL,,5,Mini Fabrica - 19 | Mini Fabrica - 24 | Mini Fabrica - 38 | Mini Fabrica - 40 | Mini Fabrica - 50,161.324,Mini Fabrica - 19: deve=-107.849 | saldo=0.00000 | origem=nacional || Mini Fabrica - 24: deve=-41.084 | saldo=0.00000 | origem=nacional || Mini Fabrica - 38: deve=-2.232 | saldo=0.00000 | origem=nacional || Mini Fabrica - 40: deve=-5.603 | saldo=0.00000 | origem=nacional || Mini Fabrica - 50: deve=-4.556 | saldo=0.00000 | origem=nacional
67244,NAPA TURIM PU 1.0 (B P/V 15/16),,89673,TAN 1080,,2,Mini Fabrica - 19 | Mini Fabrica - 50,41.105,Mini Fabrica - 19: deve=-37.703 | saldo=65.00000 | origem=nacional || Mini Fabrica - 50: deve=-3.402 | saldo=65.00000 | origem=nacional
67345,NAPA TURIM PU 1.0 + SARJA 7030/40 0.40,,15758,PRETO 01/PRETO 01,,2,Mini Fabrica - 19 | Mini Fabrica - 26,105.871,Mini Fabrica - 19: deve=-5.233 | saldo=392.80000 | origem=nacional || Mini Fabrica - 26: deve=-100.638 | saldo=392.80000 | origem=nacional
74934,NAPA TURIM PU 1.0 + POLINYLON 11HM 2 L+FORRO MILANO PU 0.7,,16143,PRETO 01/PRETO 01/PRETO 01,,2,Mini Fabrica - 19 | Mini Fabrica - 26,11.729,Mini Fabrica - 19: deve=-10.178 | saldo=2.00000 | origem=nacional || Mini Fabrica - 26: deve=-1.551 | saldo=2.00000 | origem=nacional
76853,METAL GLAMOUR PU 0.9 (V P/V 16/17),,23146,OURO ROSADO,,2,Mini Fabrica - 19 | Mini Fabrica - 20,226.62,Mini Fabrica - 19: deve=-219.62 | saldo=0.00000 | origem=nacional || Mini Fabrica - 20: deve=-7.0 | saldo=0.00000 | origem=nacional
183344,NAPA GARDA PU 1.0 (V P/V 24/25),,103102,CHERRY 1335,,3,Mini Fabrica - 19 | Mini Fabrica - 43 | Mini Fabrica - 50,7.27,Mini Fabrica - 19: deve=-5.216 | saldo=104.00000 | origem=nacional || Mini Fabrica - 43: deve=-0.72 | saldo=104.00000 | origem=nacional || Mini Fabrica - 50: deve=-1.334 | saldo=104.00000 | origem=nacional
183344,NAPA GARDA PU 1.0 (V P/V 24/25),,107613,TERRACOTA 1477,,3,Mini Fabrica - 19 | Mini Fabrica - 30 | Mini Fabrica - 40,33.855,Mini Fabrica - 19: deve=-29.935 | saldo=67.00000 | origem=nacional || Mini Fabrica - 30: deve=-0.427 | saldo=67.00000 | origem=nacional || Mini Fabrica - 40: deve=-3.493 | saldo=67.00000 | origem=nacional
184004,NAPA GARDA PU 1.0 (V P/V 24/25)+POLINYLON 11HML 2L+FORRO MILANO,,16143,PRETO 01/PRETO 01/PRETO 01,,2,Mini Fabrica - 19 | Mini Fabrica - 43,21.916,Mini Fabrica - 19: deve=-6.518 | saldo=0.00000 | origem=nacional || Mini Fabrica - 43: deve=-15.398 | saldo=0.00000 | origem=nacional
192801,BRILHO ITALIA PU 0.9 (P/V 25/26),,66,DOURADO,,3,Mini Fabrica - 19 | Mini Fabrica - 40 | Mini Fabrica - 43,55.035,Mini Fabrica - 19: deve=-13.885 | saldo=0.00000 | origem=nacional || Mini Fabrica - 40: deve=-30.558 | saldo=0.00000 | origem=nacional || Mini Fabrica - 43: deve=-10.592 | saldo=0.00000 | origem=nacional
196814,NAPA BERLIM CROCO MILAO PU 1.2 (B O/I 2026)+TECIDO LECCE,,15758,PRETO 01/PRETO 01,,2,Mini Fabrica - 19 | Mini Fabrica - 68,14.734,Mini Fabrica - 19: deve=-1.214 | saldo=25.00000 | origem=nacional || Mini Fabrica - 68: deve=-13.52 | saldo=25.00000 | origem=nacional
196814,NAPA BERLIM CROCO MILAO PU 1.2 (B O/I 2026)+TECIDO LECCE,,84081,CAFE 987/PRETO 01,,2,Mini Fabrica - 19 | Mini Fabrica - 68,6.588,Mini Fabrica - 19: deve=-3.068 | saldo=0.00000 | origem=nacional || Mini Fabrica - 68: deve=-3.52 | saldo=0.00000 | origem=nacional
94157,NAPA TURIM PU 1.0+VELVET,,107770,OLIVE 1469/CREME 516,,2,Mini Fabrica - 30 | Mini Fabrica - 43,12.505,Mini Fabrica - 30: deve=-6.845 | saldo=0.00000 | origem=nacional || Mini Fabrica - 43: deve=-5.66 | saldo=0.00000 | origem=nacional
183344,NAPA GARDA PU 1.0 (V P/V 24/25),,15745,PRETO 01,,3,Mini Fabrica - 30 | Mini Fabrica - 43 | Mini Fabrica - 50,27.006,Mini Fabrica - 30: deve=-10.064 | saldo=0.00000 | origem=nacional || Mini Fabrica - 43: deve=-12.151 | saldo=0.00000 | origem=nacional || Mini Fabrica - 50: deve=-4.791 | saldo=0.00000 | origem=nacional
183768,NAPA GARDA PU 1.0 + SARJA 7030/40 0.40,,105897,OSTRA 1431/CRU 20,,2,Mini Fabrica - 30 | Mini Fabrica - 38,4.112,Mini Fabrica - 30: deve=-0.422 | saldo=0.00000 | origem=nacional || Mini Fabrica - 38: deve=-3.69 | saldo=0.00000 | origem=nacional
195432,NAPA LEZARD GRECIA PU 0.9 (B P/V 24/25),,95373,CAMEL 1165,,2,Mini Fabrica - 30 | Mini Fabrica - 50,14.965,Mini Fabrica - 30: deve=-10.89 | saldo=35.00000 | origem=nacional || Mini Fabrica - 50: deve=-4.075 | saldo=35.00000 | origem=nacional
184004,NAPA GARDA PU 1.0 (V P/V 24/25)+POLINYLON 11HML 2L+FORRO MILANO,,40278,BRANCO OFF 526/BRANCO 15/NATURAL,,2,Mini Fabrica - 40 | Mini Fabrica - 43,40.362,Mini Fabrica - 40: deve=-0.844 | saldo=0.00000 | origem=nacional || Mini Fabrica - 43: deve=-39.518 | saldo=0.00000 | origem=nacional
186850,PECA DET+IMPRESSAO ACTVITTA(FILME AUSTRALIA)L.4853.100(ACT 0/I 25),PAR,104249,COBALTO 1319/ROSA 1236,2,1,Mini Fabrica - 68,20.0,Mini Fabrica - 68: deve=-20.0 | saldo=0.00000 | origem=nacional
186850,PECA DET+IMPRESSAO ACTVITTA(FILME AUSTRALIA)L.4853.100(ACT 0/I 25),PAR,104694,PRETO 01/PRATA 1320,2,1,Mini Fabrica - 68,319.0,Mini Fabrica - 68: deve=-319.0 | saldo=0.00000 | origem=nacional
186850,PECA DET+IMPRESSAO ACTVITTA(FILME AUSTRALIA)L.4853.100(ACT 0/I 25),PAR,104694,PRETO 01/PRATA 1320,3,1,Mini Fabrica - 68,295.0,Mini Fabrica - 68: deve=-295.0 | saldo=0.00000 | origem=nacional
186850,PECA DET+IMPRESSAO ACTVITTA(FILME AUSTRALIA)L.4853.100(ACT 0/I 25),PAR,107716,CHUMBO 1321/ROSA ANTIGO 1329,2,1,Mini Fabrica - 68,33.0,Mini Fabrica - 68: deve=-33.0 | saldo=0.00000 | origem=nacional
186850,PECA DET+IMPRESSAO ACTVITTA(FILME AUSTRALIA)L.4853.100(ACT 0/I 25),PAR,109942,HIBISCO 1496/BRANCO 99,1,1,Mini Fabrica - 68,6.0,Mini Fabrica - 68: deve=-6.0 | saldo=0.00000 | origem=nacional
187144,PECA VISTA+LOGO+IMPRESSAO ACTVITTA(FILME AUSTRALIA)L.4853.103,PAR,109083,ALFAZEMA 1497/COBALTO 1319- VERDE AGUA 752,1,1,Mini Fabrica - 68,3.0,Mini Fabrica - 68: deve=-3.0 | saldo=0.00000 | origem=nacional
187144,PECA VISTA+LOGO+IMPRESSAO ACTVITTA(FILME AUSTRALIA)L.4853.103,PAR,109083,ALFAZEMA 1497/COBALTO 1319- VERDE AGUA 752,2,1,Mini Fabrica - 68,6.0,Mini Fabrica - 68: deve=-6.0 | saldo=0.00000 | origem=nacional
187144,PECA VISTA+LOGO+IMPRESSAO ACTVITTA(FILME AUSTRALIA)L.4853.103,PAR,109083,ALFAZEMA 1497/COBALTO 1319- VERDE AGUA 752,3,1,Mini Fabrica - 68,3.0,Mini Fabrica - 68: deve=-3.0 | saldo=0.00000 | origem=nacional
187144,PECA VISTA+LOGO+IMPRESSAO ACTVITTA(FILME AUSTRALIA)L.4853.103,PAR,110141,CAMEL 1528/BRANCO OFF 1132-BRANCO OFF 1132,1,1,Mini Fabrica - 68,3.0,Mini Fabrica - 68: deve=-3.0 | saldo=0.00000 | origem=nacional
187144,PECA VISTA+LOGO+IMPRESSAO ACTVITTA(FILME AUSTRALIA)L.4853.103,PAR,110141,CAMEL 1528/BRANCO OFF 1132-BRANCO OFF 1132,2,1,Mini Fabrica - 68,6.0,Mini Fabrica - 68: deve=-6.0 | saldo=0.00000 | origem=nacional
187144,PECA VISTA+LOGO+IMPRESSAO ACTVITTA(FILME AUSTRALIA)L.4853.103,PAR,110141,CAMEL 1528/BRANCO OFF 1132-BRANCO OFF 1132,3,1,Mini Fabrica - 68,6.0,Mini Fabrica - 68: deve=-6.0 | saldo=0.00000 | origem=nacional
187144,PECA VISTA+LOGO+IMPRESSAO ACTVITTA(FILME AUSTRALIA)L.4853.103,PAR,110141,CAMEL 1528/BRANCO OFF 1132-BRANCO OFF 1132,4,1,Mini Fabrica - 68,1.0,Mini Fabrica - 68: deve=-1.0 | saldo=0.00000 | origem=nacional
196366,PECA VISTA+LAT.+ET. IMPRESSAO ACTVITTA (PVC AUSTRALIA)L.4829.331,PAR,107483,PRETO 01/VIOLETA 1221- TURQUESA 1315,3,1,Mini Fabrica - 68,10.0,Mini Fabrica - 68: deve=-10.0 | saldo=0.00000 | origem=nacional
188235,PECA ETIQUETA+IMPRESSAO ACTVITTA(PVC AUSTRALIA SEM FILME) L.4853.104,PAR,17689,PRETO 01/BRANCO 99,0,1,Mini Fabrica - 69,8.0,Mini Fabrica - 69: deve=-8.0 | saldo=0.00000 | origem=nacional
188235,PECA ETIQUETA+IMPRESSAO ACTVITTA(PVC AUSTRALIA SEM FILME) L.4853.104,PAR,93562,MARINHO 1128/BRANCO 99,0,1,Mini Fabrica - 69,4.0,Mini Fabrica - 69: deve=-4.0 | saldo=0.00000 | origem=nacional
203227,ETIQ.+IMPR.ACTVITTA (AUSTRALIA S/FILME)TAM2:37/40 TAM4:41/44 L.4935.111,PAR,109236,BRANCO OFF 1132/CAMEL 778,2,1,Mini Fabrica - 69,6.0,Mini Fabrica - 69: deve=-6.0 | saldo=0.00000 | origem=nacional
203227,ETIQ.+IMPR.ACTVITTA (AUSTRALIA S/FILME)TAM2:37/40 TAM4:41/44 L.4935.111,PAR,109236,BRANCO OFF 1132/CAMEL 778,4,1,Mini Fabrica - 69,6.0,Mini Fabrica - 69: deve=-6.0 | saldo=0.00000 | origem=nacional
